id,file_name,label,source,modality
1,safe_00001.jpg,safe,coco,image
2,safe_00002.jpg,safe,coco,image
3,safe_00003.jpg,safe,coco,image
4,safe_00004.jpg,safe,coco,image
5,safe_00005.jpg,safe,coco,image
6,safe_00006.jpg,safe,coco,image
7,safe_00007.jpg,safe,coco,image
8,safe_00008.jpg,safe,coco,image
9,safe_00009.jpg,safe,coco,image
10,safe_00010.jpg,safe,coco,image
11,safe_00011.jpg,safe,coco,image
12,safe_00012.jpg,safe,coco,image
13,safe_00013.jpg,safe,coco,image
14,safe_00014.jpg,safe,coco,image
15,safe_00015.jpg,safe,coco,image
16,safe_00016.jpg,safe,coco,image
17,safe_00017.jpg,safe,coco,image
18,safe_00018.jpg,safe,coco,image
19,safe_00019.jpg,safe,coco,image
20,safe_00020.jpg,safe,coco,image
21,safe_00021.jpg,safe,coco,image
22,safe_00022.jpg,safe,coco,image
23,safe_00023.jpg,safe,coco,image
24,safe_00024.jpg,safe,coco,image
25,safe_00025.jpg,safe,coco,image
26,safe_00026.jpg,safe,coco,image
27,safe_00027.jpg,safe,coco,image
28,safe_00028.jpg,safe,coco,image
29,safe_00029.jpg,safe,coco,image
30,safe_00030.jpg,safe,coco,image
31,safe_00031.jpg,safe,coco,image
32,safe_00032.jpg,safe,coco,image
33,safe_00033.jpg,safe,coco,image
34,safe_00034.jpg,safe,coco,image
35,safe_00035.jpg,safe,coco,image
36,safe_00036.jpg,safe,coco,image
37,safe_00037.jpg,safe,coco,image
38,safe_00038.jpg,safe,coco,image
39,safe_00039.jpg,safe,coco,image
40,safe_00040.jpg,safe,coco,image
41,safe_00041.jpg,safe,coco,image
42,safe_00042.jpg,safe,coco,image
43,safe_00043.jpg,safe,coco,image
44,safe_00044.jpg,safe,coco,image
45,safe_00045.jpg,safe,coco,image
46,safe_00046.jpg,safe,coco,image
47,safe_00047.jpg,safe,coco,image
48,safe_00048.jpg,safe,coco,image
49,safe_00049.jpg,safe,coco,image
50,safe_00050.jpg,safe,coco,image
51,safe_00051.jpg,safe,coco,image
52,safe_00052.jpg,safe,coco,image
53,safe_00053.jpg,safe,coco,image
54,safe_00054.jpg,safe,coco,image
55,safe_00055.jpg,safe,coco,image
56,safe_00056.jpg,safe,coco,image
57,safe_00057.jpg,safe,coco,image
58,safe_00058.jpg,safe,coco,image
59,safe_00059.jpg,safe,coco,image
60,safe_00060.jpg,safe,coco,image
61,safe_00061.jpg,safe,coco,image
62,safe_00062.jpg,safe,coco,image
63,safe_00063.jpg,safe,coco,image
64,safe_00064.jpg,safe,coco,image
65,safe_00065.jpg,safe,coco,image
66,safe_00066.jpg,safe,coco,image
67,safe_00067.jpg,safe,coco,image
68,safe_00068.jpg,safe,coco,image
69,safe_00069.jpg,safe,coco,image
70,safe_00070.jpg,safe,coco,image
71,safe_00071.jpg,safe,coco,image
72,safe_00072.jpg,safe,coco,image
73,safe_00073.jpg,safe,coco,image
74,safe_00074.jpg,safe,coco,image
75,safe_00075.jpg,safe,coco,image
76,safe_00076.jpg,safe,coco,image
77,safe_00077.jpg,safe,coco,image
78,safe_00078.jpg,safe,coco,image
79,safe_00079.jpg,safe,coco,image
80,safe_00080.jpg,safe,coco,image
81,safe_00081.jpg,safe,coco,image
82,safe_00082.jpg,safe,coco,image
83,safe_00083.jpg,safe,coco,image
84,safe_00084.jpg,safe,coco,image
85,safe_00085.jpg,safe,coco,image
86,safe_00086.jpg,safe,coco,image
87,safe_00087.jpg,safe,coco,image
88,safe_00088.jpg,safe,coco,image
89,safe_00089.jpg,safe,coco,image
90,safe_00090.jpg,safe,coco,image
91,safe_00091.jpg,safe,coco,image
92,safe_00092.jpg,safe,coco,image
93,safe_00093.jpg,safe,coco,image
94,safe_00094.jpg,safe,coco,image
95,safe_00095.jpg,safe,coco,image
96,safe_00096.jpg,safe,coco,image
97,safe_00097.jpg,safe,coco,image
98,safe_00098.jpg,safe,coco,image
99,safe_00099.jpg,safe,coco,image
100,safe_00100.jpg,safe,coco,image
101,safe_00101.jpg,safe,coco,image
102,safe_00102.jpg,safe,coco,image
103,safe_00103.jpg,safe,coco,image
104,safe_00104.jpg,safe,coco,image
105,safe_00105.jpg,safe,coco,image
106,safe_00106.jpg,safe,coco,image
107,safe_00107.jpg,safe,coco,image
108,safe_00108.jpg,safe,coco,image
109,safe_00109.jpg,safe,coco,image
110,safe_00110.jpg,safe,coco,image
111,safe_00111.jpg,safe,coco,image
112,safe_00112.jpg,safe,coco,image
113,safe_00113.jpg,safe,coco,image
114,safe_00114.jpg,safe,coco,image
115,safe_00115.jpg,safe,coco,image
116,safe_00116.jpg,safe,coco,image
117,safe_00117.jpg,safe,coco,image
118,safe_00118.jpg,safe,coco,image
119,safe_00119.jpg,safe,coco,image
120,safe_00120.jpg,safe,coco,image
121,safe_00121.jpg,safe,coco,image
122,safe_00122.jpg,safe,coco,image
123,safe_00123.jpg,safe,coco,image
124,safe_00124.jpg,safe,coco,image
125,safe_00125.jpg,safe,coco,image
126,safe_00126.jpg,safe,coco,image
127,safe_00127.jpg,safe,coco,image
128,safe_00128.jpg,safe,coco,image
129,safe_00129.jpg,safe,coco,image
130,safe_00130.jpg,safe,coco,image
131,safe_00131.jpg,safe,coco,image
132,safe_00132.jpg,safe,coco,image
133,safe_00133.jpg,safe,coco,image
134,safe_00134.jpg,safe,coco,image
135,safe_00135.jpg,safe,coco,image
136,safe_00136.jpg,safe,coco,image
137,safe_00137.jpg,safe,coco,image
138,safe_00138.jpg,safe,coco,image
139,safe_00139.jpg,safe,coco,image
140,safe_00140.jpg,safe,coco,image
141,safe_00141.jpg,safe,coco,image
142,safe_00142.jpg,safe,coco,image
143,safe_00143.jpg,safe,coco,image
144,safe_00144.jpg,safe,coco,image
145,safe_00145.jpg,safe,coco,image
146,safe_00146.jpg,safe,coco,image
147,safe_00147.jpg,safe,coco,image
148,safe_00148.jpg,safe,coco,image
149,safe_00149.jpg,safe,coco,image
150,safe_00150.jpg,safe,coco,image
151,safe_00151.jpg,safe,coco,image
152,safe_00152.jpg,safe,coco,image
153,safe_00153.jpg,safe,coco,image
154,safe_00154.jpg,safe,coco,image
155,safe_00155.jpg,safe,coco,image
156,safe_00156.jpg,safe,coco,image
157,safe_00157.jpg,safe,coco,image
158,safe_00158.jpg,safe,coco,image
159,safe_00159.jpg,safe,coco,image
160,safe_00160.jpg,safe,coco,image
161,safe_00161.jpg,safe,coco,image
162,safe_00162.jpg,safe,coco,image
163,safe_00163.jpg,safe,coco,image
164,safe_00164.jpg,safe,coco,image
165,safe_00165.jpg,safe,coco,image
166,safe_00166.jpg,safe,coco,image
167,safe_00167.jpg,safe,coco,image
168,safe_00168.jpg,safe,coco,image
169,safe_00169.jpg,safe,coco,image
170,safe_00170.jpg,safe,coco,image
171,safe_00171.jpg,safe,coco,image
172,safe_00172.jpg,safe,coco,image
173,safe_00173.jpg,safe,coco,image
174,safe_00174.jpg,safe,coco,image
175,safe_00175.jpg,safe,coco,image
176,safe_00176.jpg,safe,coco,image
177,safe_00177.jpg,safe,coco,image
178,safe_00178.jpg,safe,coco,image
179,safe_00179.jpg,safe,coco,image
180,safe_00180.jpg,safe,coco,image
181,safe_00181.jpg,safe,coco,image
182,safe_00182.jpg,safe,coco,image
183,safe_00183.jpg,safe,coco,image
184,safe_00184.jpg,safe,coco,image
185,safe_00185.jpg,safe,coco,image
186,safe_00186.jpg,safe,coco,image
187,safe_00187.jpg,safe,coco,image
188,safe_00188.jpg,safe,coco,image
189,safe_00189.jpg,safe,coco,image
190,safe_00190.jpg,safe,coco,image
191,safe_00191.jpg,safe,coco,image
192,safe_00192.jpg,safe,coco,image
193,safe_00193.jpg,safe,coco,image
194,safe_00194.jpg,safe,coco,image
195,safe_00195.jpg,safe,coco,image
196,safe_00196.jpg,safe,coco,image
197,safe_00197.jpg,safe,coco,image
198,safe_00198.jpg,safe,coco,image
199,safe_00199.jpg,safe,coco,image
200,safe_00200.jpg,safe,coco,image
201,safe_00201.jpg,safe,coco,image
202,safe_00202.jpg,safe,coco,image
203,safe_00203.jpg,safe,coco,image
204,safe_00204.jpg,safe,coco,image
205,safe_00205.jpg,safe,coco,image
206,safe_00206.jpg,safe,coco,image
207,safe_00207.jpg,safe,coco,image
208,safe_00208.jpg,safe,coco,image
209,safe_00209.jpg,safe,coco,image
210,safe_00210.jpg,safe,coco,image
211,safe_00211.jpg,safe,coco,image
212,safe_00212.jpg,safe,coco,image
213,safe_00213.jpg,safe,coco,image
214,safe_00214.jpg,safe,coco,image
215,safe_00215.jpg,safe,coco,image
216,safe_00216.jpg,safe,coco,image
217,safe_00217.jpg,safe,coco,image
218,safe_00218.jpg,safe,coco,image
219,safe_00219.jpg,safe,coco,image
220,safe_00220.jpg,safe,coco,image
221,safe_00221.jpg,safe,coco,image
222,safe_00222.jpg,safe,coco,image
223,safe_00223.jpg,safe,coco,image
224,safe_00224.jpg,safe,coco,image
225,safe_00225.jpg,safe,coco,image
226,safe_00226.jpg,safe,coco,image
227,safe_00227.jpg,safe,coco,image
228,safe_00228.jpg,safe,coco,image
229,safe_00229.jpg,safe,coco,image
230,safe_00230.jpg,safe,coco,image
231,safe_00231.jpg,safe,coco,image
232,safe_00232.jpg,safe,coco,image
233,safe_00233.jpg,safe,coco,image
234,safe_00234.jpg,safe,coco,image
235,safe_00235.jpg,safe,coco,image
236,safe_00236.jpg,safe,coco,image
237,safe_00237.jpg,safe,coco,image
238,safe_00238.jpg,safe,coco,image
239,safe_00239.jpg,safe,coco,image
240,safe_00240.jpg,safe,coco,image
241,safe_00241.jpg,safe,coco,image
242,safe_00242.jpg,safe,coco,image
243,safe_00243.jpg,safe,coco,image
244,safe_00244.jpg,safe,coco,image
245,safe_00245.jpg,safe,coco,image
246,safe_00246.jpg,safe,coco,image
247,safe_00247.jpg,safe,coco,image
248,safe_00248.jpg,safe,coco,image
249,safe_00249.jpg,safe,coco,image
250,safe_00250.jpg,safe,coco,image
251,safe_00251.jpg,safe,coco,image
252,safe_00252.jpg,safe,coco,image
253,safe_00253.jpg,safe,coco,image
254,safe_00254.jpg,safe,coco,image
255,safe_00255.jpg,safe,coco,image
256,safe_00256.jpg,safe,coco,image
257,safe_00257.jpg,safe,coco,image
258,safe_00258.jpg,safe,coco,image
259,safe_00259.jpg,safe,coco,image
260,safe_00260.jpg,safe,coco,image
261,safe_00261.jpg,safe,coco,image
262,safe_00262.jpg,safe,coco,image
263,safe_00263.jpg,safe,coco,image
264,safe_00264.jpg,safe,coco,image
265,safe_00265.jpg,safe,coco,image
266,safe_00266.jpg,safe,coco,image
267,safe_00267.jpg,safe,coco,image
268,safe_00268.jpg,safe,coco,image
269,safe_00269.jpg,safe,coco,image
270,safe_00270.jpg,safe,coco,image
271,safe_00271.jpg,safe,coco,image
272,safe_00272.jpg,safe,coco,image
273,safe_00273.jpg,safe,coco,image
274,safe_00274.jpg,safe,coco,image
275,safe_00275.jpg,safe,coco,image
276,safe_00276.jpg,safe,coco,image
277,safe_00277.jpg,safe,coco,image
278,safe_00278.jpg,safe,coco,image
279,safe_00279.jpg,safe,coco,image
280,safe_00280.jpg,safe,coco,image
281,safe_00281.jpg,safe,coco,image
282,safe_00282.jpg,safe,coco,image
283,safe_00283.jpg,safe,coco,image
284,safe_00284.jpg,safe,coco,image
285,safe_00285.jpg,safe,coco,image
286,safe_00286.jpg,safe,coco,image
287,safe_00287.jpg,safe,coco,image
288,safe_00288.jpg,safe,coco,image
289,safe_00289.jpg,safe,coco,image
290,safe_00290.jpg,safe,coco,image
291,safe_00291.jpg,safe,coco,image
292,safe_00292.jpg,safe,coco,image
293,safe_00293.jpg,safe,coco,image
294,safe_00294.jpg,safe,coco,image
295,safe_00295.jpg,safe,coco,image
296,safe_00296.jpg,safe,coco,image
297,safe_00297.jpg,safe,coco,image
298,safe_00298.jpg,safe,coco,image
299,safe_00299.jpg,safe,coco,image
300,safe_00300.jpg,safe,coco,image
301,safe_00301.jpg,safe,coco,image
302,safe_00302.jpg,safe,coco,image
303,safe_00303.jpg,safe,coco,image
304,safe_00304.jpg,safe,coco,image
305,safe_00305.jpg,safe,coco,image
306,safe_00306.jpg,safe,coco,image
307,safe_00307.jpg,safe,coco,image
308,safe_00308.jpg,safe,coco,image
309,safe_00309.jpg,safe,coco,image
310,safe_00310.jpg,safe,coco,image
311,safe_00311.jpg,safe,coco,image
312,safe_00312.jpg,safe,coco,image
313,safe_00313.jpg,safe,coco,image
314,safe_00314.jpg,safe,coco,image
315,safe_00315.jpg,safe,coco,image
316,safe_00316.jpg,safe,coco,image
317,safe_00317.jpg,safe,coco,image
318,safe_00318.jpg,safe,coco,image
319,safe_00319.jpg,safe,coco,image
320,safe_00320.jpg,safe,coco,image
321,safe_00321.jpg,safe,coco,image
322,safe_00322.jpg,safe,coco,image
323,safe_00323.jpg,safe,coco,image
324,safe_00324.jpg,safe,coco,image
325,safe_00325.jpg,safe,coco,image
326,safe_00326.jpg,safe,coco,image
327,safe_00327.jpg,safe,coco,image
328,safe_00328.jpg,safe,coco,image
329,safe_00329.jpg,safe,coco,image
330,safe_00330.jpg,safe,coco,image
331,safe_00331.jpg,safe,coco,image
332,safe_00332.jpg,safe,coco,image
333,safe_00333.jpg,safe,coco,image
334,safe_00334.jpg,safe,coco,image
335,safe_00335.jpg,safe,coco,image
336,safe_00336.jpg,safe,coco,image
337,safe_00337.jpg,safe,coco,image
338,safe_00338.jpg,safe,coco,image
339,safe_00339.jpg,safe,coco,image
340,safe_00340.jpg,safe,coco,image
341,safe_00341.jpg,safe,coco,image
342,safe_00342.jpg,safe,coco,image
343,safe_00343.jpg,safe,coco,image
344,safe_00344.jpg,safe,coco,image
345,safe_00345.jpg,safe,coco,image
346,safe_00346.jpg,safe,coco,image
347,safe_00347.jpg,safe,coco,image
348,safe_00348.jpg,safe,coco,image
349,safe_00349.jpg,safe,coco,image
350,safe_00350.jpg,safe,coco,image
351,safe_00351.jpg,safe,coco,image
352,safe_00352.jpg,safe,coco,image
353,safe_00353.jpg,safe,coco,image
354,safe_00354.jpg,safe,coco,image
355,safe_00355.jpg,safe,coco,image
356,safe_00356.jpg,safe,coco,image
357,safe_00357.jpg,safe,coco,image
358,safe_00358.jpg,safe,coco,image
359,safe_00359.jpg,safe,coco,image
360,safe_00360.jpg,safe,coco,image
361,safe_00361.jpg,safe,coco,image
362,safe_00362.jpg,safe,coco,image
363,safe_00363.jpg,safe,coco,image
364,safe_00364.jpg,safe,coco,image
365,safe_00365.jpg,safe,coco,image
366,safe_00366.jpg,safe,coco,image
367,safe_00367.jpg,safe,coco,image
368,safe_00368.jpg,safe,coco,image
369,safe_00369.jpg,safe,coco,image
370,safe_00370.jpg,safe,coco,image
371,safe_00371.jpg,safe,coco,image
372,safe_00372.jpg,safe,coco,image
373,safe_00373.jpg,safe,coco,image
374,safe_00374.jpg,safe,coco,image
375,safe_00375.jpg,safe,coco,image
376,safe_00376.jpg,safe,coco,image
377,safe_00377.jpg,safe,coco,image
378,safe_00378.jpg,safe,coco,image
379,safe_00379.jpg,safe,coco,image
380,safe_00380.jpg,safe,coco,image
381,safe_00381.jpg,safe,coco,image
382,safe_00382.jpg,safe,coco,image
383,safe_00383.jpg,safe,coco,image
384,safe_00384.jpg,safe,coco,image
385,safe_00385.jpg,safe,coco,image
386,safe_00386.jpg,safe,coco,image
387,safe_00387.jpg,safe,coco,image
388,safe_00388.jpg,safe,coco,image
389,safe_00389.jpg,safe,coco,image
390,safe_00390.jpg,safe,coco,image
391,safe_00391.jpg,safe,coco,image
392,safe_00392.jpg,safe,coco,image
393,safe_00393.jpg,safe,coco,image
394,safe_00394.jpg,safe,coco,image
395,safe_00395.jpg,safe,coco,image
396,safe_00396.jpg,safe,coco,image
397,safe_00397.jpg,safe,coco,image
398,safe_00398.jpg,safe,coco,image
399,safe_00399.jpg,safe,coco,image
400,safe_00400.jpg,safe,coco,image
401,safe_00401.jpg,safe,coco,image
402,safe_00402.jpg,safe,coco,image
403,safe_00403.jpg,safe,coco,image
404,safe_00404.jpg,safe,coco,image
405,safe_00405.jpg,safe,coco,image
406,safe_00406.jpg,safe,coco,image
407,safe_00407.jpg,safe,coco,image
408,safe_00408.jpg,safe,coco,image
409,safe_00409.jpg,safe,coco,image
410,safe_00410.jpg,safe,coco,image
411,safe_00411.jpg,safe,coco,image
412,safe_00412.jpg,safe,coco,image
413,safe_00413.jpg,safe,coco,image
414,safe_00414.jpg,safe,coco,image
415,safe_00415.jpg,safe,coco,image
416,safe_00416.jpg,safe,coco,image
417,safe_00417.jpg,safe,coco,image
418,safe_00418.jpg,safe,coco,image
419,safe_00419.jpg,safe,coco,image
420,safe_00420.jpg,safe,coco,image
421,safe_00421.jpg,safe,coco,image
422,safe_00422.jpg,safe,coco,image
423,safe_00423.jpg,safe,coco,image
424,safe_00424.jpg,safe,coco,image
425,safe_00425.jpg,safe,coco,image
426,safe_00426.jpg,safe,coco,image
427,safe_00427.jpg,safe,coco,image
428,safe_00428.jpg,safe,coco,image
429,safe_00429.jpg,safe,coco,image
430,safe_00430.jpg,safe,coco,image
431,safe_00431.jpg,safe,coco,image
432,safe_00432.jpg,safe,coco,image
433,safe_00433.jpg,safe,coco,image
434,safe_00434.jpg,safe,coco,image
435,safe_00435.jpg,safe,coco,image
436,safe_00436.jpg,safe,coco,image
437,safe_00437.jpg,safe,coco,image
438,safe_00438.jpg,safe,coco,image
439,safe_00439.jpg,safe,coco,image
440,safe_00440.jpg,safe,coco,image
441,safe_00441.jpg,safe,coco,image
442,safe_00442.jpg,safe,coco,image
443,safe_00443.jpg,safe,coco,image
444,safe_00444.jpg,safe,coco,image
445,safe_00445.jpg,safe,coco,image
446,safe_00446.jpg,safe,coco,image
447,safe_00447.jpg,safe,coco,image
448,safe_00448.jpg,safe,coco,image
449,safe_00449.jpg,safe,coco,image
450,safe_00450.jpg,safe,coco,image
451,safe_00451.jpg,safe,coco,image
452,safe_00452.jpg,safe,coco,image
453,safe_00453.jpg,safe,coco,image
454,safe_00454.jpg,safe,coco,image
455,safe_00455.jpg,safe,coco,image
456,safe_00456.jpg,safe,coco,image
457,safe_00457.jpg,safe,coco,image
458,safe_00458.jpg,safe,coco,image
459,safe_00459.jpg,safe,coco,image
460,safe_00460.jpg,safe,coco,image
461,safe_00461.jpg,safe,coco,image
462,safe_00462.jpg,safe,coco,image
463,safe_00463.jpg,safe,coco,image
464,safe_00464.jpg,safe,coco,image
465,safe_00465.jpg,safe,coco,image
466,safe_00466.jpg,safe,coco,image
467,safe_00467.jpg,safe,coco,image
468,safe_00468.jpg,safe,coco,image
469,safe_00469.jpg,safe,coco,image
470,safe_00470.jpg,safe,coco,image
471,safe_00471.jpg,safe,coco,image
472,safe_00472.jpg,safe,coco,image
473,safe_00473.jpg,safe,coco,image
474,safe_00474.jpg,safe,coco,image
475,safe_00475.jpg,safe,coco,image
476,safe_00476.jpg,safe,coco,image
477,safe_00477.jpg,safe,coco,image
478,safe_00478.jpg,safe,coco,image
479,safe_00479.jpg,safe,coco,image
480,safe_00480.jpg,safe,coco,image
481,safe_00481.jpg,safe,coco,image
482,safe_00482.jpg,safe,coco,image
483,safe_00483.jpg,safe,coco,image
484,safe_00484.jpg,safe,coco,image
485,safe_00485.jpg,safe,coco,image
486,safe_00486.jpg,safe,coco,image
487,safe_00487.jpg,safe,coco,image
488,safe_00488.jpg,safe,coco,image
489,safe_00489.jpg,safe,coco,image
490,safe_00490.jpg,safe,coco,image
491,safe_00491.jpg,safe,coco,image
492,safe_00492.jpg,safe,coco,image
493,safe_00493.jpg,safe,coco,image
494,safe_00494.jpg,safe,coco,image
495,safe_00495.jpg,safe,coco,image
496,safe_00496.jpg,safe,coco,image
497,safe_00497.jpg,safe,coco,image
498,safe_00498.jpg,safe,coco,image
499,safe_00499.jpg,safe,coco,image
500,safe_00500.jpg,safe,coco,image
501,safe_00501.jpg,safe,coco,image
502,safe_00502.jpg,safe,coco,image
503,safe_00503.jpg,safe,coco,image
504,safe_00504.jpg,safe,coco,image
505,safe_00505.jpg,safe,coco,image
506,safe_00506.jpg,safe,coco,image
507,safe_00507.jpg,safe,coco,image
508,safe_00508.jpg,safe,coco,image
509,safe_00509.jpg,safe,coco,image
510,safe_00510.jpg,safe,coco,image
511,safe_00511.jpg,safe,coco,image
512,safe_00512.jpg,safe,coco,image
513,safe_00513.jpg,safe,coco,image
514,safe_00514.jpg,safe,coco,image
515,safe_00515.jpg,safe,coco,image
516,safe_00516.jpg,safe,coco,image
517,safe_00517.jpg,safe,coco,image
518,safe_00518.jpg,safe,coco,image
519,safe_00519.jpg,safe,coco,image
520,safe_00520.jpg,safe,coco,image
521,safe_00521.jpg,safe,coco,image
522,safe_00522.jpg,safe,coco,image
523,safe_00523.jpg,safe,coco,image
524,safe_00524.jpg,safe,coco,image
525,safe_00525.jpg,safe,coco,image
526,safe_00526.jpg,safe,coco,image
527,safe_00527.jpg,safe,coco,image
528,safe_00528.jpg,safe,coco,image
529,safe_00529.jpg,safe,coco,image
530,safe_00530.jpg,safe,coco,image
531,safe_00531.jpg,safe,coco,image
532,safe_00532.jpg,safe,coco,image
533,safe_00533.jpg,safe,coco,image
534,safe_00534.jpg,safe,coco,image
535,safe_00535.jpg,safe,coco,image
536,safe_00536.jpg,safe,coco,image
537,safe_00537.jpg,safe,coco,image
538,safe_00538.jpg,safe,coco,image
539,safe_00539.jpg,safe,coco,image
540,safe_00540.jpg,safe,coco,image
541,safe_00541.jpg,safe,coco,image
542,safe_00542.jpg,safe,coco,image
543,safe_00543.jpg,safe,coco,image
544,safe_00544.jpg,safe,coco,image
545,safe_00545.jpg,safe,coco,image
546,safe_00546.jpg,safe,coco,image
547,safe_00547.jpg,safe,coco,image
548,safe_00548.jpg,safe,coco,image
549,safe_00549.jpg,safe,coco,image
550,safe_00550.jpg,safe,coco,image
551,safe_00551.jpg,safe,coco,image
552,safe_00552.jpg,safe,coco,image
553,safe_00553.jpg,safe,coco,image
554,safe_00554.jpg,safe,coco,image
555,safe_00555.jpg,safe,coco,image
556,safe_00556.jpg,safe,coco,image
557,safe_00557.jpg,safe,coco,image
558,safe_00558.jpg,safe,coco,image
559,safe_00559.jpg,safe,coco,image
560,safe_00560.jpg,safe,coco,image
561,safe_00561.jpg,safe,coco,image
562,safe_00562.jpg,safe,coco,image
563,safe_00563.jpg,safe,coco,image
564,safe_00564.jpg,safe,coco,image
565,safe_00565.jpg,safe,coco,image
566,safe_00566.jpg,safe,coco,image
567,safe_00567.jpg,safe,coco,image
568,safe_00568.jpg,safe,coco,image
569,safe_00569.jpg,safe,coco,image
570,safe_00570.jpg,safe,coco,image
571,safe_00571.jpg,safe,coco,image
572,safe_00572.jpg,safe,coco,image
573,safe_00573.jpg,safe,coco,image
574,safe_00574.jpg,safe,coco,image
575,safe_00575.jpg,safe,coco,image
576,safe_00576.jpg,safe,coco,image
577,safe_00577.jpg,safe,coco,image
578,safe_00578.jpg,safe,coco,image
579,safe_00579.jpg,safe,coco,image
580,safe_00580.jpg,safe,coco,image
581,safe_00581.jpg,safe,coco,image
582,safe_00582.jpg,safe,coco,image
583,safe_00583.jpg,safe,coco,image
584,safe_00584.jpg,safe,coco,image
585,safe_00585.jpg,safe,coco,image
586,safe_00586.jpg,safe,coco,image
587,safe_00587.jpg,safe,coco,image
588,safe_00588.jpg,safe,coco,image
589,safe_00589.jpg,safe,coco,image
590,safe_00590.jpg,safe,coco,image
591,safe_00591.jpg,safe,coco,image
592,safe_00592.jpg,safe,coco,image
593,safe_00593.jpg,safe,coco,image
594,safe_00594.jpg,safe,coco,image
595,safe_00595.jpg,safe,coco,image
596,safe_00596.jpg,safe,coco,image
597,safe_00597.jpg,safe,coco,image
598,safe_00598.jpg,safe,coco,image
599,safe_00599.jpg,safe,coco,image
600,safe_00600.jpg,safe,coco,image
601,safe_00601.jpg,safe,coco,image
602,safe_00602.jpg,safe,coco,image
603,safe_00603.jpg,safe,coco,image
604,safe_00604.jpg,safe,coco,image
605,safe_00605.jpg,safe,coco,image
606,safe_00606.jpg,safe,coco,image
607,safe_00607.jpg,safe,coco,image
608,safe_00608.jpg,safe,coco,image
609,safe_00609.jpg,safe,coco,image
610,safe_00610.jpg,safe,coco,image
611,safe_00611.jpg,safe,coco,image
612,safe_00612.jpg,safe,coco,image
613,safe_00613.jpg,safe,coco,image
614,safe_00614.jpg,safe,coco,image
615,safe_00615.jpg,safe,coco,image
616,safe_00616.jpg,safe,coco,image
617,safe_00617.jpg,safe,coco,image
618,safe_00618.jpg,safe,coco,image
619,safe_00619.jpg,safe,coco,image
620,safe_00620.jpg,safe,coco,image
621,safe_00621.jpg,safe,coco,image
622,safe_00622.jpg,safe,coco,image
623,safe_00623.jpg,safe,coco,image
624,safe_00624.jpg,safe,coco,image
625,safe_00625.jpg,safe,coco,image
626,safe_00626.jpg,safe,coco,image
627,safe_00627.jpg,safe,coco,image
628,safe_00628.jpg,safe,coco,image
629,safe_00629.jpg,safe,coco,image
630,safe_00630.jpg,safe,coco,image
631,safe_00631.jpg,safe,coco,image
632,safe_00632.jpg,safe,coco,image
633,safe_00633.jpg,safe,coco,image
634,safe_00634.jpg,safe,coco,image
635,safe_00635.jpg,safe,coco,image
636,safe_00636.jpg,safe,coco,image
637,safe_00637.jpg,safe,coco,image
638,safe_00638.jpg,safe,coco,image
639,safe_00639.jpg,safe,coco,image
640,safe_00640.jpg,safe,coco,image
641,safe_00641.jpg,safe,coco,image
642,safe_00642.jpg,safe,coco,image
643,safe_00643.jpg,safe,coco,image
644,safe_00644.jpg,safe,coco,image
645,safe_00645.jpg,safe,coco,image
646,safe_00646.jpg,safe,coco,image
647,safe_00647.jpg,safe,coco,image
648,safe_00648.jpg,safe,coco,image
649,safe_00649.jpg,safe,coco,image
650,safe_00650.jpg,safe,coco,image
651,safe_00651.jpg,safe,coco,image
652,safe_00652.jpg,safe,coco,image
653,safe_00653.jpg,safe,coco,image
654,safe_00654.jpg,safe,coco,image
655,safe_00655.jpg,safe,coco,image
656,safe_00656.jpg,safe,coco,image
657,safe_00657.jpg,safe,coco,image
658,safe_00658.jpg,safe,coco,image
659,safe_00659.jpg,safe,coco,image
660,safe_00660.jpg,safe,coco,image
661,safe_00661.jpg,safe,coco,image
662,safe_00662.jpg,safe,coco,image
663,safe_00663.jpg,safe,coco,image
664,safe_00664.jpg,safe,coco,image
665,safe_00665.jpg,safe,coco,image
666,safe_00666.jpg,safe,coco,image
667,safe_00667.jpg,safe,coco,image
668,safe_00668.jpg,safe,coco,image
669,safe_00669.jpg,safe,coco,image
670,safe_00670.jpg,safe,coco,image
671,safe_00671.jpg,safe,coco,image
672,safe_00672.jpg,safe,coco,image
673,safe_00673.jpg,safe,coco,image
674,safe_00674.jpg,safe,coco,image
675,safe_00675.jpg,safe,coco,image
676,safe_00676.jpg,safe,coco,image
677,safe_00677.jpg,safe,coco,image
678,safe_00678.jpg,safe,coco,image
679,safe_00679.jpg,safe,coco,image
680,safe_00680.jpg,safe,coco,image
681,safe_00681.jpg,safe,coco,image
682,safe_00682.jpg,safe,coco,image
683,safe_00683.jpg,safe,coco,image
684,safe_00684.jpg,safe,coco,image
685,safe_00685.jpg,safe,coco,image
686,safe_00686.jpg,safe,coco,image
687,safe_00687.jpg,safe,coco,image
688,safe_00688.jpg,safe,coco,image
689,safe_00689.jpg,safe,coco,image
690,safe_00690.jpg,safe,coco,image
691,safe_00691.jpg,safe,coco,image
692,safe_00692.jpg,safe,coco,image
693,safe_00693.jpg,safe,coco,image
694,safe_00694.jpg,safe,coco,image
695,safe_00695.jpg,safe,coco,image
696,safe_00696.jpg,safe,coco,image
697,safe_00697.jpg,safe,coco,image
698,safe_00698.jpg,safe,coco,image
699,safe_00699.jpg,safe,coco,image
700,safe_00700.jpg,safe,coco,image
701,safe_00701.jpg,safe,coco,image
702,safe_00702.jpg,safe,coco,image
703,safe_00703.jpg,safe,coco,image
704,safe_00704.jpg,safe,coco,image
705,safe_00705.jpg,safe,coco,image
706,safe_00706.jpg,safe,coco,image
707,safe_00707.jpg,safe,coco,image
708,safe_00708.jpg,safe,coco,image
709,safe_00709.jpg,safe,coco,image
710,safe_00710.jpg,safe,coco,image
711,safe_00711.jpg,safe,coco,image
712,safe_00712.jpg,safe,coco,image
713,safe_00713.jpg,safe,coco,image
714,safe_00714.jpg,safe,coco,image
715,safe_00715.jpg,safe,coco,image
716,safe_00716.jpg,safe,coco,image
717,safe_00717.jpg,safe,coco,image
718,safe_00718.jpg,safe,coco,image
719,safe_00719.jpg,safe,coco,image
720,safe_00720.jpg,safe,coco,image
721,safe_00721.jpg,safe,coco,image
722,safe_00722.jpg,safe,coco,image
723,safe_00723.jpg,safe,coco,image
724,safe_00724.jpg,safe,coco,image
725,safe_00725.jpg,safe,coco,image
726,safe_00726.jpg,safe,coco,image
727,safe_00727.jpg,safe,coco,image
728,safe_00728.jpg,safe,coco,image
729,safe_00729.jpg,safe,coco,image
730,safe_00730.jpg,safe,coco,image
731,safe_00731.jpg,safe,coco,image
732,safe_00732.jpg,safe,coco,image
733,safe_00733.jpg,safe,coco,image
734,safe_00734.jpg,safe,coco,image
735,safe_00735.jpg,safe,coco,image
736,safe_00736.jpg,safe,coco,image
737,safe_00737.jpg,safe,coco,image
738,safe_00738.jpg,safe,coco,image
739,safe_00739.jpg,safe,coco,image
740,safe_00740.jpg,safe,coco,image
741,safe_00741.jpg,safe,coco,image
742,safe_00742.jpg,safe,coco,image
743,safe_00743.jpg,safe,coco,image
744,safe_00744.jpg,safe,coco,image
745,safe_00745.jpg,safe,coco,image
746,safe_00746.jpg,safe,coco,image
747,safe_00747.jpg,safe,coco,image
748,safe_00748.jpg,safe,coco,image
749,safe_00749.jpg,safe,coco,image
750,safe_00750.jpg,safe,coco,image
751,safe_00751.jpg,safe,coco,image
752,safe_00752.jpg,safe,coco,image
753,safe_00753.jpg,safe,coco,image
754,safe_00754.jpg,safe,coco,image
755,safe_00755.jpg,safe,coco,image
756,safe_00756.jpg,safe,coco,image
757,safe_00757.jpg,safe,coco,image
758,safe_00758.jpg,safe,coco,image
759,safe_00759.jpg,safe,coco,image
760,safe_00760.jpg,safe,coco,image
761,safe_00761.jpg,safe,coco,image
762,safe_00762.jpg,safe,coco,image
763,safe_00763.jpg,safe,coco,image
764,safe_00764.jpg,safe,coco,image
765,safe_00765.jpg,safe,coco,image
766,safe_00766.jpg,safe,coco,image
767,safe_00767.jpg,safe,coco,image
768,safe_00768.jpg,safe,coco,image
769,safe_00769.jpg,safe,coco,image
770,safe_00770.jpg,safe,coco,image
771,safe_00771.jpg,safe,coco,image
772,safe_00772.jpg,safe,coco,image
773,safe_00773.jpg,safe,coco,image
774,safe_00774.jpg,safe,coco,image
775,safe_00775.jpg,safe,coco,image
776,safe_00776.jpg,safe,coco,image
777,safe_00777.jpg,safe,coco,image
778,safe_00778.jpg,safe,coco,image
779,safe_00779.jpg,safe,coco,image
780,safe_00780.jpg,safe,coco,image
781,safe_00781.jpg,safe,coco,image
782,safe_00782.jpg,safe,coco,image
783,safe_00783.jpg,safe,coco,image
784,safe_00784.jpg,safe,coco,image
785,safe_00785.jpg,safe,coco,image
786,safe_00786.jpg,safe,coco,image
787,safe_00787.jpg,safe,coco,image
788,safe_00788.jpg,safe,coco,image
789,safe_00789.jpg,safe,coco,image
790,safe_00790.jpg,safe,coco,image
791,safe_00791.jpg,safe,coco,image
792,safe_00792.jpg,safe,coco,image
793,safe_00793.jpg,safe,coco,image
794,safe_00794.jpg,safe,coco,image
795,safe_00795.jpg,safe,coco,image
796,safe_00796.jpg,safe,coco,image
797,safe_00797.jpg,safe,coco,image
798,safe_00798.jpg,safe,coco,image
799,safe_00799.jpg,safe,coco,image
800,safe_00800.jpg,safe,coco,image
801,safe_00801.jpg,safe,coco,image
802,safe_00802.jpg,safe,coco,image
803,safe_00803.jpg,safe,coco,image
804,safe_00804.jpg,safe,coco,image
805,safe_00805.jpg,safe,coco,image
806,safe_00806.jpg,safe,coco,image
807,safe_00807.jpg,safe,coco,image
808,safe_00808.jpg,safe,coco,image
809,safe_00809.jpg,safe,coco,image
810,safe_00810.jpg,safe,coco,image
811,safe_00811.jpg,safe,coco,image
812,safe_00812.jpg,safe,coco,image
813,safe_00813.jpg,safe,coco,image
814,safe_00814.jpg,safe,coco,image
815,safe_00815.jpg,safe,coco,image
816,safe_00816.jpg,safe,coco,image
817,safe_00817.jpg,safe,coco,image
818,safe_00818.jpg,safe,coco,image
819,safe_00819.jpg,safe,coco,image
820,safe_00820.jpg,safe,coco,image
821,safe_00821.jpg,safe,coco,image
822,safe_00822.jpg,safe,coco,image
823,safe_00823.jpg,safe,coco,image
824,safe_00824.jpg,safe,coco,image
825,safe_00825.jpg,safe,coco,image
826,safe_00826.jpg,safe,coco,image
827,safe_00827.jpg,safe,coco,image
828,safe_00828.jpg,safe,coco,image
829,safe_00829.jpg,safe,coco,image
830,safe_00830.jpg,safe,coco,image
831,safe_00831.jpg,safe,coco,image
832,safe_00832.jpg,safe,coco,image
833,safe_00833.jpg,safe,coco,image
834,safe_00834.jpg,safe,coco,image
835,safe_00835.jpg,safe,coco,image
836,safe_00836.jpg,safe,coco,image
837,safe_00837.jpg,safe,coco,image
838,safe_00838.jpg,safe,coco,image
839,safe_00839.jpg,safe,coco,image
840,safe_00840.jpg,safe,coco,image
841,safe_00841.jpg,safe,coco,image
842,safe_00842.jpg,safe,coco,image
843,safe_00843.jpg,safe,coco,image
844,safe_00844.jpg,safe,coco,image
845,safe_00845.jpg,safe,coco,image
846,safe_00846.jpg,safe,coco,image
847,safe_00847.jpg,safe,coco,image
848,safe_00848.jpg,safe,coco,image
849,safe_00849.jpg,safe,coco,image
850,safe_00850.jpg,safe,coco,image
851,safe_00851.jpg,safe,coco,image
852,safe_00852.jpg,safe,coco,image
853,safe_00853.jpg,safe,coco,image
854,safe_00854.jpg,safe,coco,image
855,safe_00855.jpg,safe,coco,image
856,safe_00856.jpg,safe,coco,image
857,safe_00857.jpg,safe,coco,image
858,safe_00858.jpg,safe,coco,image
859,safe_00859.jpg,safe,coco,image
860,safe_00860.jpg,safe,coco,image
861,safe_00861.jpg,safe,coco,image
862,safe_00862.jpg,safe,coco,image
863,safe_00863.jpg,safe,coco,image
864,safe_00864.jpg,safe,coco,image
865,safe_00865.jpg,safe,coco,image
866,safe_00866.jpg,safe,coco,image
867,safe_00867.jpg,safe,coco,image
868,safe_00868.jpg,safe,coco,image
869,safe_00869.jpg,safe,coco,image
870,safe_00870.jpg,safe,coco,image
871,safe_00871.jpg,safe,coco,image
872,safe_00872.jpg,safe,coco,image
873,safe_00873.jpg,safe,coco,image
874,safe_00874.jpg,safe,coco,image
875,safe_00875.jpg,safe,coco,image
876,safe_00876.jpg,safe,coco,image
877,safe_00877.jpg,safe,coco,image
878,safe_00878.jpg,safe,coco,image
879,safe_00879.jpg,safe,coco,image
880,safe_00880.jpg,safe,coco,image
881,safe_00881.jpg,safe,coco,image
882,safe_00882.jpg,safe,coco,image
883,safe_00883.jpg,safe,coco,image
884,safe_00884.jpg,safe,coco,image
885,safe_00885.jpg,safe,coco,image
886,safe_00886.jpg,safe,coco,image
887,safe_00887.jpg,safe,coco,image
888,safe_00888.jpg,safe,coco,image
889,safe_00889.jpg,safe,coco,image
890,safe_00890.jpg,safe,coco,image
891,safe_00891.jpg,safe,coco,image
892,safe_00892.jpg,safe,coco,image
893,safe_00893.jpg,safe,coco,image
894,safe_00894.jpg,safe,coco,image
895,safe_00895.jpg,safe,coco,image
896,safe_00896.jpg,safe,coco,image
897,safe_00897.jpg,safe,coco,image
898,safe_00898.jpg,safe,coco,image
899,safe_00899.jpg,safe,coco,image
900,safe_00900.jpg,safe,coco,image
901,safe_00901.jpg,safe,coco,image
902,safe_00902.jpg,safe,coco,image
903,safe_00903.jpg,safe,coco,image
904,safe_00904.jpg,safe,coco,image
905,safe_00905.jpg,safe,coco,image
906,safe_00906.jpg,safe,coco,image
907,safe_00907.jpg,safe,coco,image
908,safe_00908.jpg,safe,coco,image
909,safe_00909.jpg,safe,coco,image
910,safe_00910.jpg,safe,coco,image
911,safe_00911.jpg,safe,coco,image
912,safe_00912.jpg,safe,coco,image
913,safe_00913.jpg,safe,coco,image
914,safe_00914.jpg,safe,coco,image
915,safe_00915.jpg,safe,coco,image
916,safe_00916.jpg,safe,coco,image
917,safe_00917.jpg,safe,coco,image
918,safe_00918.jpg,safe,coco,image
919,safe_00919.jpg,safe,coco,image
920,safe_00920.jpg,safe,coco,image
921,safe_00921.jpg,safe,coco,image
922,safe_00922.jpg,safe,coco,image
923,safe_00923.jpg,safe,coco,image
924,safe_00924.jpg,safe,coco,image
925,safe_00925.jpg,safe,coco,image
926,safe_00926.jpg,safe,coco,image
927,safe_00927.jpg,safe,coco,image
928,safe_00928.jpg,safe,coco,image
929,safe_00929.jpg,safe,coco,image
930,safe_00930.jpg,safe,coco,image
931,safe_00931.jpg,safe,coco,image
932,safe_00932.jpg,safe,coco,image
933,safe_00933.jpg,safe,coco,image
934,safe_00934.jpg,safe,coco,image
935,safe_00935.jpg,safe,coco,image
936,safe_00936.jpg,safe,coco,image
937,safe_00937.jpg,safe,coco,image
938,safe_00938.jpg,safe,coco,image
939,safe_00939.jpg,safe,coco,image
940,safe_00940.jpg,safe,coco,image
941,safe_00941.jpg,safe,coco,image
942,safe_00942.jpg,safe,coco,image
943,safe_00943.jpg,safe,coco,image
944,safe_00944.jpg,safe,coco,image
945,safe_00945.jpg,safe,coco,image
946,safe_00946.jpg,safe,coco,image
947,safe_00947.jpg,safe,coco,image
948,safe_00948.jpg,safe,coco,image
949,safe_00949.jpg,safe,coco,image
950,safe_00950.jpg,safe,coco,image
951,safe_00951.jpg,safe,coco,image
952,safe_00952.jpg,safe,coco,image
953,safe_00953.jpg,safe,coco,image
954,safe_00954.jpg,safe,coco,image
955,safe_00955.jpg,safe,coco,image
956,safe_00956.jpg,safe,coco,image
957,safe_00957.jpg,safe,coco,image
958,safe_00958.jpg,safe,coco,image
959,safe_00959.jpg,safe,coco,image
960,safe_00960.jpg,safe,coco,image
961,safe_00961.jpg,safe,coco,image
962,safe_00962.jpg,safe,coco,image
963,safe_00963.jpg,safe,coco,image
964,safe_00964.jpg,safe,coco,image
965,safe_00965.jpg,safe,coco,image
966,safe_00966.jpg,safe,coco,image
967,safe_00967.jpg,safe,coco,image
968,safe_00968.jpg,safe,coco,image
969,safe_00969.jpg,safe,coco,image
970,safe_00970.jpg,safe,coco,image
971,safe_00971.jpg,safe,coco,image
972,safe_00972.jpg,safe,coco,image
973,safe_00973.jpg,safe,coco,image
974,safe_00974.jpg,safe,coco,image
975,safe_00975.jpg,safe,coco,image
976,safe_00976.jpg,safe,coco,image
977,safe_00977.jpg,safe,coco,image
978,safe_00978.jpg,safe,coco,image
979,safe_00979.jpg,safe,coco,image
980,safe_00980.jpg,safe,coco,image
981,safe_00981.jpg,safe,coco,image
982,safe_00982.jpg,safe,coco,image
983,safe_00983.jpg,safe,coco,image
984,safe_00984.jpg,safe,coco,image
985,safe_00985.jpg,safe,coco,image
986,safe_00986.jpg,safe,coco,image
987,safe_00987.jpg,safe,coco,image
988,safe_00988.jpg,safe,coco,image
989,safe_00989.jpg,safe,coco,image
990,safe_00990.jpg,safe,coco,image
991,safe_00991.jpg,safe,coco,image
992,safe_00992.jpg,safe,coco,image
993,safe_00993.jpg,safe,coco,image
994,safe_00994.jpg,safe,coco,image
995,safe_00995.jpg,safe,coco,image
996,safe_00996.jpg,safe,coco,image
997,safe_00997.jpg,safe,coco,image
998,safe_00998.jpg,safe,coco,image
999,safe_00999.jpg,safe,coco,image
1000,safe_01000.jpg,safe,coco,image
1001,safe_01001.jpg,safe,coco,image
1002,safe_01002.jpg,safe,coco,image
1003,safe_01003.jpg,safe,coco,image
1004,safe_01004.jpg,safe,coco,image
1005,safe_01005.jpg,safe,coco,image
1006,safe_01006.jpg,safe,coco,image
1007,safe_01007.jpg,safe,coco,image
1008,safe_01008.jpg,safe,coco,image
1009,safe_01009.jpg,safe,coco,image
1010,safe_01010.jpg,safe,coco,image
1011,safe_01011.jpg,safe,coco,image
1012,safe_01012.jpg,safe,coco,image
1013,safe_01013.jpg,safe,coco,image
1014,safe_01014.jpg,safe,coco,image
1015,safe_01015.jpg,safe,coco,image
1016,safe_01016.jpg,safe,coco,image
1017,safe_01017.jpg,safe,coco,image
1018,safe_01018.jpg,safe,coco,image
1019,safe_01019.jpg,safe,coco,image
1020,safe_01020.jpg,safe,coco,image
1021,safe_01021.jpg,safe,coco,image
1022,safe_01022.jpg,safe,coco,image
1023,safe_01023.jpg,safe,coco,image
1024,safe_01024.jpg,safe,coco,image
1025,safe_01025.jpg,safe,coco,image
1026,safe_01026.jpg,safe,coco,image
1027,safe_01027.jpg,safe,coco,image
1028,safe_01028.jpg,safe,coco,image
1029,safe_01029.jpg,safe,coco,image
1030,safe_01030.jpg,safe,coco,image
1031,safe_01031.jpg,safe,coco,image
1032,safe_01032.jpg,safe,coco,image
1033,safe_01033.jpg,safe,coco,image
1034,safe_01034.jpg,safe,coco,image
1035,safe_01035.jpg,safe,coco,image
1036,safe_01036.jpg,safe,coco,image
1037,safe_01037.jpg,safe,coco,image
1038,safe_01038.jpg,safe,coco,image
1039,safe_01039.jpg,safe,coco,image
1040,safe_01040.jpg,safe,coco,image
1041,safe_01041.jpg,safe,coco,image
1042,safe_01042.jpg,safe,coco,image
1043,safe_01043.jpg,safe,coco,image
1044,safe_01044.jpg,safe,coco,image
1045,safe_01045.jpg,safe,coco,image
1046,safe_01046.jpg,safe,coco,image
1047,safe_01047.jpg,safe,coco,image
1048,safe_01048.jpg,safe,coco,image
1049,safe_01049.jpg,safe,coco,image
1050,safe_01050.jpg,safe,coco,image
1051,safe_01051.jpg,safe,coco,image
1052,safe_01052.jpg,safe,coco,image
1053,safe_01053.jpg,safe,coco,image
1054,safe_01054.jpg,safe,coco,image
1055,safe_01055.jpg,safe,coco,image
1056,safe_01056.jpg,safe,coco,image
1057,safe_01057.jpg,safe,coco,image
1058,safe_01058.jpg,safe,coco,image
1059,safe_01059.jpg,safe,coco,image
1060,safe_01060.jpg,safe,coco,image
1061,safe_01061.jpg,safe,coco,image
1062,safe_01062.jpg,safe,coco,image
1063,safe_01063.jpg,safe,coco,image
1064,safe_01064.jpg,safe,coco,image
1065,safe_01065.jpg,safe,coco,image
1066,safe_01066.jpg,safe,coco,image
1067,safe_01067.jpg,safe,coco,image
1068,safe_01068.jpg,safe,coco,image
1069,safe_01069.jpg,safe,coco,image
1070,safe_01070.jpg,safe,coco,image
1071,safe_01071.jpg,safe,coco,image
1072,safe_01072.jpg,safe,coco,image
1073,safe_01073.jpg,safe,coco,image
1074,safe_01074.jpg,safe,coco,image
1075,safe_01075.jpg,safe,coco,image
1076,safe_01076.jpg,safe,coco,image
1077,safe_01077.jpg,safe,coco,image
1078,safe_01078.jpg,safe,coco,image
1079,safe_01079.jpg,safe,coco,image
1080,safe_01080.jpg,safe,coco,image
1081,safe_01081.jpg,safe,coco,image
1082,safe_01082.jpg,safe,coco,image
1083,safe_01083.jpg,safe,coco,image
1084,safe_01084.jpg,safe,coco,image
1085,safe_01085.jpg,safe,coco,image
1086,safe_01086.jpg,safe,coco,image
1087,safe_01087.jpg,safe,coco,image
1088,safe_01088.jpg,safe,coco,image
1089,safe_01089.jpg,safe,coco,image
1090,safe_01090.jpg,safe,coco,image
1091,safe_01091.jpg,safe,coco,image
1092,safe_01092.jpg,safe,coco,image
1093,safe_01093.jpg,safe,coco,image
1094,safe_01094.jpg,safe,coco,image
1095,safe_01095.jpg,safe,coco,image
1096,safe_01096.jpg,safe,coco,image
1097,safe_01097.jpg,safe,coco,image
1098,safe_01098.jpg,safe,coco,image
1099,safe_01099.jpg,safe,coco,image
1100,safe_01100.jpg,safe,coco,image
1101,safe_01101.jpg,safe,coco,image
1102,safe_01102.jpg,safe,coco,image
1103,safe_01103.jpg,safe,coco,image
1104,safe_01104.jpg,safe,coco,image
1105,safe_01105.jpg,safe,coco,image
1106,safe_01106.jpg,safe,coco,image
1107,safe_01107.jpg,safe,coco,image
1108,safe_01108.jpg,safe,coco,image
1109,safe_01109.jpg,safe,coco,image
1110,safe_01110.jpg,safe,coco,image
1111,safe_01111.jpg,safe,coco,image
1112,safe_01112.jpg,safe,coco,image
1113,safe_01113.jpg,safe,coco,image
1114,safe_01114.jpg,safe,coco,image
1115,safe_01115.jpg,safe,coco,image
1116,safe_01116.jpg,safe,coco,image
1117,safe_01117.jpg,safe,coco,image
1118,safe_01118.jpg,safe,coco,image
1119,safe_01119.jpg,safe,coco,image
1120,safe_01120.jpg,safe,coco,image
1121,safe_01121.jpg,safe,coco,image
1122,safe_01122.jpg,safe,coco,image
1123,safe_01123.jpg,safe,coco,image
1124,safe_01124.jpg,safe,coco,image
1125,safe_01125.jpg,safe,coco,image
1126,safe_01126.jpg,safe,coco,image
1127,safe_01127.jpg,safe,coco,image
1128,safe_01128.jpg,safe,coco,image
1129,safe_01129.jpg,safe,coco,image
1130,safe_01130.jpg,safe,coco,image
1131,safe_01131.jpg,safe,coco,image
1132,safe_01132.jpg,safe,coco,image
1133,safe_01133.jpg,safe,coco,image
1134,safe_01134.jpg,safe,coco,image
1135,safe_01135.jpg,safe,coco,image
1136,safe_01136.jpg,safe,coco,image
1137,safe_01137.jpg,safe,coco,image
1138,safe_01138.jpg,safe,coco,image
1139,safe_01139.jpg,safe,coco,image
1140,safe_01140.jpg,safe,coco,image
1141,safe_01141.jpg,safe,coco,image
1142,safe_01142.jpg,safe,coco,image
1143,safe_01143.jpg,safe,coco,image
1144,safe_01144.jpg,safe,coco,image
1145,safe_01145.jpg,safe,coco,image
1146,safe_01146.jpg,safe,coco,image
1147,safe_01147.jpg,safe,coco,image
1148,safe_01148.jpg,safe,coco,image
1149,safe_01149.jpg,safe,coco,image
1150,safe_01150.jpg,safe,coco,image
1151,safe_01151.jpg,safe,coco,image
1152,safe_01152.jpg,safe,coco,image
1153,safe_01153.jpg,safe,coco,image
1154,safe_01154.jpg,safe,coco,image
1155,safe_01155.jpg,safe,coco,image
1156,safe_01156.jpg,safe,coco,image
1157,safe_01157.jpg,safe,coco,image
1158,safe_01158.jpg,safe,coco,image
1159,safe_01159.jpg,safe,coco,image
1160,safe_01160.jpg,safe,coco,image
1161,safe_01161.jpg,safe,coco,image
1162,safe_01162.jpg,safe,coco,image
1163,safe_01163.jpg,safe,coco,image
1164,safe_01164.jpg,safe,coco,image
1165,safe_01165.jpg,safe,coco,image
1166,safe_01166.jpg,safe,coco,image
1167,safe_01167.jpg,safe,coco,image
1168,safe_01168.jpg,safe,coco,image
1169,safe_01169.jpg,safe,coco,image
1170,safe_01170.jpg,safe,coco,image
1171,safe_01171.jpg,safe,coco,image
1172,safe_01172.jpg,safe,coco,image
1173,safe_01173.jpg,safe,coco,image
1174,safe_01174.jpg,safe,coco,image
1175,safe_01175.jpg,safe,coco,image
1176,safe_01176.jpg,safe,coco,image
1177,safe_01177.jpg,safe,coco,image
1178,safe_01178.jpg,safe,coco,image
1179,safe_01179.jpg,safe,coco,image
1180,safe_01180.jpg,safe,coco,image
1181,safe_01181.jpg,safe,coco,image
1182,safe_01182.jpg,safe,coco,image
1183,safe_01183.jpg,safe,coco,image
1184,safe_01184.jpg,safe,coco,image
1185,safe_01185.jpg,safe,coco,image
1186,safe_01186.jpg,safe,coco,image
1187,safe_01187.jpg,safe,coco,image
1188,safe_01188.jpg,safe,coco,image
1189,safe_01189.jpg,safe,coco,image
1190,safe_01190.jpg,safe,coco,image
1191,safe_01191.jpg,safe,coco,image
1192,safe_01192.jpg,safe,coco,image
1193,safe_01193.jpg,safe,coco,image
1194,safe_01194.jpg,safe,coco,image
1195,safe_01195.jpg,safe,coco,image
1196,safe_01196.jpg,safe,coco,image
1197,safe_01197.jpg,safe,coco,image
1198,safe_01198.jpg,safe,coco,image
1199,safe_01199.jpg,safe,coco,image
1200,safe_01200.jpg,safe,coco,image
1201,safe_01201.jpg,safe,coco,image
1202,safe_01202.jpg,safe,coco,image
1203,safe_01203.jpg,safe,coco,image
1204,safe_01204.jpg,safe,coco,image
1205,safe_01205.jpg,safe,coco,image
1206,safe_01206.jpg,safe,coco,image
1207,safe_01207.jpg,safe,coco,image
1208,safe_01208.jpg,safe,coco,image
1209,safe_01209.jpg,safe,coco,image
1210,safe_01210.jpg,safe,coco,image
1211,safe_01211.jpg,safe,coco,image
1212,safe_01212.jpg,safe,coco,image
1213,safe_01213.jpg,safe,coco,image
1214,safe_01214.jpg,safe,coco,image
1215,safe_01215.jpg,safe,coco,image
1216,safe_01216.jpg,safe,coco,image
1217,safe_01217.jpg,safe,coco,image
1218,safe_01218.jpg,safe,coco,image
1219,safe_01219.jpg,safe,coco,image
1220,safe_01220.jpg,safe,coco,image
1221,safe_01221.jpg,safe,coco,image
1222,safe_01222.jpg,safe,coco,image
1223,safe_01223.jpg,safe,coco,image
1224,safe_01224.jpg,safe,coco,image
1225,safe_01225.jpg,safe,coco,image
1226,safe_01226.jpg,safe,coco,image
1227,safe_01227.jpg,safe,coco,image
1228,safe_01228.jpg,safe,coco,image
1229,safe_01229.jpg,safe,coco,image
1230,safe_01230.jpg,safe,coco,image
1231,safe_01231.jpg,safe,coco,image
1232,safe_01232.jpg,safe,coco,image
1233,safe_01233.jpg,safe,coco,image
1234,safe_01234.jpg,safe,coco,image
1235,safe_01235.jpg,safe,coco,image
1236,safe_01236.jpg,safe,coco,image
1237,safe_01237.jpg,safe,coco,image
1238,safe_01238.jpg,safe,coco,image
1239,safe_01239.jpg,safe,coco,image
1240,safe_01240.jpg,safe,coco,image
1241,safe_01241.jpg,safe,coco,image
1242,safe_01242.jpg,safe,coco,image
1243,safe_01243.jpg,safe,coco,image
1244,safe_01244.jpg,safe,coco,image
1245,safe_01245.jpg,safe,coco,image
1246,safe_01246.jpg,safe,coco,image
1247,safe_01247.jpg,safe,coco,image
1248,safe_01248.jpg,safe,coco,image
1249,safe_01249.jpg,safe,coco,image
1250,safe_01250.jpg,safe,coco,image
1251,safe_01251.jpg,safe,coco,image
1252,safe_01252.jpg,safe,coco,image
1253,safe_01253.jpg,safe,coco,image
1254,safe_01254.jpg,safe,coco,image
1255,safe_01255.jpg,safe,coco,image
1256,safe_01256.jpg,safe,coco,image
1257,safe_01257.jpg,safe,coco,image
1258,safe_01258.jpg,safe,coco,image
1259,safe_01259.jpg,safe,coco,image
1260,safe_01260.jpg,safe,coco,image
1261,safe_01261.jpg,safe,coco,image
1262,safe_01262.jpg,safe,coco,image
1263,safe_01263.jpg,safe,coco,image
1264,safe_01264.jpg,safe,coco,image
1265,safe_01265.jpg,safe,coco,image
1266,safe_01266.jpg,safe,coco,image
1267,safe_01267.jpg,safe,coco,image
1268,safe_01268.jpg,safe,coco,image
1269,safe_01269.jpg,safe,coco,image
1270,safe_01270.jpg,safe,coco,image
1271,safe_01271.jpg,safe,coco,image
1272,safe_01272.jpg,safe,coco,image
1273,safe_01273.jpg,safe,coco,image
1274,safe_01274.jpg,safe,coco,image
1275,safe_01275.jpg,safe,coco,image
1276,safe_01276.jpg,safe,coco,image
1277,safe_01277.jpg,safe,coco,image
1278,safe_01278.jpg,safe,coco,image
1279,safe_01279.jpg,safe,coco,image
1280,safe_01280.jpg,safe,coco,image
1281,safe_01281.jpg,safe,coco,image
1282,safe_01282.jpg,safe,coco,image
1283,safe_01283.jpg,safe,coco,image
1284,safe_01284.jpg,safe,coco,image
1285,safe_01285.jpg,safe,coco,image
1286,safe_01286.jpg,safe,coco,image
1287,safe_01287.jpg,safe,coco,image
1288,safe_01288.jpg,safe,coco,image
1289,safe_01289.jpg,safe,coco,image
1290,safe_01290.jpg,safe,coco,image
1291,safe_01291.jpg,safe,coco,image
1292,safe_01292.jpg,safe,coco,image
1293,safe_01293.jpg,safe,coco,image
1294,safe_01294.jpg,safe,coco,image
1295,safe_01295.jpg,safe,coco,image
1296,safe_01296.jpg,safe,coco,image
1297,safe_01297.jpg,safe,coco,image
1298,safe_01298.jpg,safe,coco,image
1299,safe_01299.jpg,safe,coco,image
1300,safe_01300.jpg,safe,coco,image
1301,safe_01301.jpg,safe,coco,image
1302,safe_01302.jpg,safe,coco,image
1303,safe_01303.jpg,safe,coco,image
1304,safe_01304.jpg,safe,coco,image
1305,safe_01305.jpg,safe,coco,image
1306,safe_01306.jpg,safe,coco,image
1307,safe_01307.jpg,safe,coco,image
1308,safe_01308.jpg,safe,coco,image
1309,safe_01309.jpg,safe,coco,image
1310,safe_01310.jpg,safe,coco,image
1311,safe_01311.jpg,safe,coco,image
1312,safe_01312.jpg,safe,coco,image
1313,safe_01313.jpg,safe,coco,image
1314,safe_01314.jpg,safe,coco,image
1315,safe_01315.jpg,safe,coco,image
1316,safe_01316.jpg,safe,coco,image
1317,safe_01317.jpg,safe,coco,image
1318,safe_01318.jpg,safe,coco,image
1319,safe_01319.jpg,safe,coco,image
1320,safe_01320.jpg,safe,coco,image
1321,safe_01321.jpg,safe,coco,image
1322,safe_01322.jpg,safe,coco,image
1323,safe_01323.jpg,safe,coco,image
1324,safe_01324.jpg,safe,coco,image
1325,safe_01325.jpg,safe,coco,image
1326,safe_01326.jpg,safe,coco,image
1327,safe_01327.jpg,safe,coco,image
1328,safe_01328.jpg,safe,coco,image
1329,safe_01329.jpg,safe,coco,image
1330,safe_01330.jpg,safe,coco,image
1331,safe_01331.jpg,safe,coco,image
1332,safe_01332.jpg,safe,coco,image
1333,safe_01333.jpg,safe,coco,image
1334,safe_01334.jpg,safe,coco,image
1335,safe_01335.jpg,safe,coco,image
1336,safe_01336.jpg,safe,coco,image
1337,safe_01337.jpg,safe,coco,image
1338,safe_01338.jpg,safe,coco,image
1339,safe_01339.jpg,safe,coco,image
1340,safe_01340.jpg,safe,coco,image
1341,safe_01341.jpg,safe,coco,image
1342,safe_01342.jpg,safe,coco,image
1343,safe_01343.jpg,safe,coco,image
1344,safe_01344.jpg,safe,coco,image
1345,safe_01345.jpg,safe,coco,image
1346,safe_01346.jpg,safe,coco,image
1347,safe_01347.jpg,safe,coco,image
1348,safe_01348.jpg,safe,coco,image
1349,safe_01349.jpg,safe,coco,image
1350,safe_01350.jpg,safe,coco,image
1351,safe_01351.jpg,safe,coco,image
1352,safe_01352.jpg,safe,coco,image
1353,safe_01353.jpg,safe,coco,image
1354,safe_01354.jpg,safe,coco,image
1355,safe_01355.jpg,safe,coco,image
1356,safe_01356.jpg,safe,coco,image
1357,safe_01357.jpg,safe,coco,image
1358,safe_01358.jpg,safe,coco,image
1359,safe_01359.jpg,safe,coco,image
1360,safe_01360.jpg,safe,coco,image
1361,safe_01361.jpg,safe,coco,image
1362,safe_01362.jpg,safe,coco,image
1363,safe_01363.jpg,safe,coco,image
1364,safe_01364.jpg,safe,coco,image
1365,safe_01365.jpg,safe,coco,image
1366,safe_01366.jpg,safe,coco,image
1367,safe_01367.jpg,safe,coco,image
1368,safe_01368.jpg,safe,coco,image
1369,safe_01369.jpg,safe,coco,image
1370,safe_01370.jpg,safe,coco,image
1371,safe_01371.jpg,safe,coco,image
1372,safe_01372.jpg,safe,coco,image
1373,safe_01373.jpg,safe,coco,image
1374,safe_01374.jpg,safe,coco,image
1375,safe_01375.jpg,safe,coco,image
1376,safe_01376.jpg,safe,coco,image
1377,safe_01377.jpg,safe,coco,image
1378,safe_01378.jpg,safe,coco,image
1379,safe_01379.jpg,safe,coco,image
1380,safe_01380.jpg,safe,coco,image
1381,safe_01381.jpg,safe,coco,image
1382,safe_01382.jpg,safe,coco,image
1383,safe_01383.jpg,safe,coco,image
1384,safe_01384.jpg,safe,coco,image
1385,safe_01385.jpg,safe,coco,image
1386,safe_01386.jpg,safe,coco,image
1387,safe_01387.jpg,safe,coco,image
1388,safe_01388.jpg,safe,coco,image
1389,safe_01389.jpg,safe,coco,image
1390,safe_01390.jpg,safe,coco,image
1391,safe_01391.jpg,safe,coco,image
1392,safe_01392.jpg,safe,coco,image
1393,safe_01393.jpg,safe,coco,image
1394,safe_01394.jpg,safe,coco,image
1395,safe_01395.jpg,safe,coco,image
1396,safe_01396.jpg,safe,coco,image
1397,safe_01397.jpg,safe,coco,image
1398,safe_01398.jpg,safe,coco,image
1399,safe_01399.jpg,safe,coco,image
1400,safe_01400.jpg,safe,coco,image
1401,safe_01401.jpg,safe,coco,image
1402,safe_01402.jpg,safe,coco,image
1403,safe_01403.jpg,safe,coco,image
1404,safe_01404.jpg,safe,coco,image
1405,safe_01405.jpg,safe,coco,image
1406,safe_01406.jpg,safe,coco,image
1407,safe_01407.jpg,safe,coco,image
1408,safe_01408.jpg,safe,coco,image
1409,safe_01409.jpg,safe,coco,image
1410,safe_01410.jpg,safe,coco,image
1411,safe_01411.jpg,safe,coco,image
1412,safe_01412.jpg,safe,coco,image
1413,safe_01413.jpg,safe,coco,image
1414,safe_01414.jpg,safe,coco,image
1415,safe_01415.jpg,safe,coco,image
1416,safe_01416.jpg,safe,coco,image
1417,safe_01417.jpg,safe,coco,image
1418,safe_01418.jpg,safe,coco,image
1419,safe_01419.jpg,safe,coco,image
1420,safe_01420.jpg,safe,coco,image
1421,safe_01421.jpg,safe,coco,image
1422,safe_01422.jpg,safe,coco,image
1423,safe_01423.jpg,safe,coco,image
1424,safe_01424.jpg,safe,coco,image
1425,safe_01425.jpg,safe,coco,image
1426,safe_01426.jpg,safe,coco,image
1427,safe_01427.jpg,safe,coco,image
1428,safe_01428.jpg,safe,coco,image
1429,safe_01429.jpg,safe,coco,image
1430,safe_01430.jpg,safe,coco,image
1431,safe_01431.jpg,safe,coco,image
1432,safe_01432.jpg,safe,coco,image
1433,safe_01433.jpg,safe,coco,image
1434,safe_01434.jpg,safe,coco,image
1435,safe_01435.jpg,safe,coco,image
1436,safe_01436.jpg,safe,coco,image
1437,safe_01437.jpg,safe,coco,image
1438,safe_01438.jpg,safe,coco,image
1439,safe_01439.jpg,safe,coco,image
1440,safe_01440.jpg,safe,coco,image
1441,safe_01441.jpg,safe,coco,image
1442,safe_01442.jpg,safe,coco,image
1443,safe_01443.jpg,safe,coco,image
1444,safe_01444.jpg,safe,coco,image
1445,safe_01445.jpg,safe,coco,image
1446,safe_01446.jpg,safe,coco,image
1447,safe_01447.jpg,safe,coco,image
1448,safe_01448.jpg,safe,coco,image
1449,safe_01449.jpg,safe,coco,image
1450,safe_01450.jpg,safe,coco,image
1451,safe_01451.jpg,safe,coco,image
1452,safe_01452.jpg,safe,coco,image
1453,safe_01453.jpg,safe,coco,image
1454,safe_01454.jpg,safe,coco,image
1455,safe_01455.jpg,safe,coco,image
1456,safe_01456.jpg,safe,coco,image
1457,safe_01457.jpg,safe,coco,image
1458,safe_01458.jpg,safe,coco,image
1459,safe_01459.jpg,safe,coco,image
1460,safe_01460.jpg,safe,coco,image
1461,safe_01461.jpg,safe,coco,image
1462,safe_01462.jpg,safe,coco,image
1463,safe_01463.jpg,safe,coco,image
1464,safe_01464.jpg,safe,coco,image
1465,safe_01465.jpg,safe,coco,image
1466,safe_01466.jpg,safe,coco,image
1467,safe_01467.jpg,safe,coco,image
1468,safe_01468.jpg,safe,coco,image
1469,safe_01469.jpg,safe,coco,image
1470,safe_01470.jpg,safe,coco,image
1471,safe_01471.jpg,safe,coco,image
1472,safe_01472.jpg,safe,coco,image
1473,safe_01473.jpg,safe,coco,image
1474,safe_01474.jpg,safe,coco,image
1475,safe_01475.jpg,safe,coco,image
1476,safe_01476.jpg,safe,coco,image
1477,safe_01477.jpg,safe,coco,image
1478,safe_01478.jpg,safe,coco,image
1479,safe_01479.jpg,safe,coco,image
1480,safe_01480.jpg,safe,coco,image
1481,safe_01481.jpg,safe,coco,image
1482,safe_01482.jpg,safe,coco,image
1483,safe_01483.jpg,safe,coco,image
1484,safe_01484.jpg,safe,coco,image
1485,safe_01485.jpg,safe,coco,image
1486,safe_01486.jpg,safe,coco,image
1487,safe_01487.jpg,safe,coco,image
1488,safe_01488.jpg,safe,coco,image
1489,safe_01489.jpg,safe,coco,image
1490,safe_01490.jpg,safe,coco,image
1491,safe_01491.jpg,safe,coco,image
1492,safe_01492.jpg,safe,coco,image
1493,safe_01493.jpg,safe,coco,image
1494,safe_01494.jpg,safe,coco,image
1495,safe_01495.jpg,safe,coco,image
1496,safe_01496.jpg,safe,coco,image
1497,safe_01497.jpg,safe,coco,image
1498,safe_01498.jpg,safe,coco,image
1499,safe_01499.jpg,safe,coco,image
1500,safe_01500.jpg,safe,coco,image
1501,safe_01501.jpg,safe,flickr30k,image
1502,safe_01502.jpg,safe,flickr30k,image
1503,safe_01503.jpg,safe,flickr30k,image
1504,safe_01504.jpg,safe,flickr30k,image
1505,safe_01505.jpg,safe,flickr30k,image
1506,safe_01506.jpg,safe,flickr30k,image
1507,safe_01507.jpg,safe,flickr30k,image
1508,safe_01508.jpg,safe,flickr30k,image
1509,safe_01509.jpg,safe,flickr30k,image
1510,safe_01510.jpg,safe,flickr30k,image
1511,safe_01511.jpg,safe,flickr30k,image
1512,safe_01512.jpg,safe,flickr30k,image
1513,safe_01513.jpg,safe,flickr30k,image
1514,safe_01514.jpg,safe,flickr30k,image
1515,safe_01515.jpg,safe,flickr30k,image
1516,safe_01516.jpg,safe,flickr30k,image
1517,safe_01517.jpg,safe,flickr30k,image
1518,safe_01518.jpg,safe,flickr30k,image
1519,safe_01519.jpg,safe,flickr30k,image
1520,safe_01520.jpg,safe,flickr30k,image
1521,safe_01521.jpg,safe,flickr30k,image
1522,safe_01522.jpg,safe,flickr30k,image
1523,safe_01523.jpg,safe,flickr30k,image
1524,safe_01524.jpg,safe,flickr30k,image
1525,safe_01525.jpg,safe,flickr30k,image
1526,safe_01526.jpg,safe,flickr30k,image
1527,safe_01527.jpg,safe,flickr30k,image
1528,safe_01528.jpg,safe,flickr30k,image
1529,safe_01529.jpg,safe,flickr30k,image
1530,safe_01530.jpg,safe,flickr30k,image
1531,safe_01531.jpg,safe,flickr30k,image
1532,safe_01532.jpg,safe,flickr30k,image
1533,safe_01533.jpg,safe,flickr30k,image
1534,safe_01534.jpg,safe,flickr30k,image
1535,safe_01535.jpg,safe,flickr30k,image
1536,safe_01536.jpg,safe,flickr30k,image
1537,safe_01537.jpg,safe,flickr30k,image
1538,safe_01538.jpg,safe,flickr30k,image
1539,safe_01539.jpg,safe,flickr30k,image
1540,safe_01540.jpg,safe,flickr30k,image
1541,safe_01541.jpg,safe,flickr30k,image
1542,safe_01542.jpg,safe,flickr30k,image
1543,safe_01543.jpg,safe,flickr30k,image
1544,safe_01544.jpg,safe,flickr30k,image
1545,safe_01545.jpg,safe,flickr30k,image
1546,safe_01546.jpg,safe,flickr30k,image
1547,safe_01547.jpg,safe,flickr30k,image
1548,safe_01548.jpg,safe,flickr30k,image
1549,safe_01549.jpg,safe,flickr30k,image
1550,safe_01550.jpg,safe,flickr30k,image
1551,safe_01551.jpg,safe,flickr30k,image
1552,safe_01552.jpg,safe,flickr30k,image
1553,safe_01553.jpg,safe,flickr30k,image
1554,safe_01554.jpg,safe,flickr30k,image
1555,safe_01555.jpg,safe,flickr30k,image
1556,safe_01556.jpg,safe,flickr30k,image
1557,safe_01557.jpg,safe,flickr30k,image
1558,safe_01558.jpg,safe,flickr30k,image
1559,safe_01559.jpg,safe,flickr30k,image
1560,safe_01560.jpg,safe,flickr30k,image
1561,safe_01561.jpg,safe,flickr30k,image
1562,safe_01562.jpg,safe,flickr30k,image
1563,safe_01563.jpg,safe,flickr30k,image
1564,safe_01564.jpg,safe,flickr30k,image
1565,safe_01565.jpg,safe,flickr30k,image
1566,safe_01566.jpg,safe,flickr30k,image
1567,safe_01567.jpg,safe,flickr30k,image
1568,safe_01568.jpg,safe,flickr30k,image
1569,safe_01569.jpg,safe,flickr30k,image
1570,safe_01570.jpg,safe,flickr30k,image
1571,safe_01571.jpg,safe,flickr30k,image
1572,safe_01572.jpg,safe,flickr30k,image
1573,safe_01573.jpg,safe,flickr30k,image
1574,safe_01574.jpg,safe,flickr30k,image
1575,safe_01575.jpg,safe,flickr30k,image
1576,safe_01576.jpg,safe,flickr30k,image
1577,safe_01577.jpg,safe,flickr30k,image
1578,safe_01578.jpg,safe,flickr30k,image
1579,safe_01579.jpg,safe,flickr30k,image
1580,safe_01580.jpg,safe,flickr30k,image
1581,safe_01581.jpg,safe,flickr30k,image
1582,safe_01582.jpg,safe,flickr30k,image
1583,safe_01583.jpg,safe,flickr30k,image
1584,safe_01584.jpg,safe,flickr30k,image
1585,safe_01585.jpg,safe,flickr30k,image
1586,safe_01586.jpg,safe,flickr30k,image
1587,safe_01587.jpg,safe,flickr30k,image
1588,safe_01588.jpg,safe,flickr30k,image
1589,safe_01589.jpg,safe,flickr30k,image
1590,safe_01590.jpg,safe,flickr30k,image
1591,safe_01591.jpg,safe,flickr30k,image
1592,safe_01592.jpg,safe,flickr30k,image
1593,safe_01593.jpg,safe,flickr30k,image
1594,safe_01594.jpg,safe,flickr30k,image
1595,safe_01595.jpg,safe,flickr30k,image
1596,safe_01596.jpg,safe,flickr30k,image
1597,safe_01597.jpg,safe,flickr30k,image
1598,safe_01598.jpg,safe,flickr30k,image
1599,safe_01599.jpg,safe,flickr30k,image
1600,safe_01600.jpg,safe,flickr30k,image
1601,safe_01601.jpg,safe,flickr30k,image
1602,safe_01602.jpg,safe,flickr30k,image
1603,safe_01603.jpg,safe,flickr30k,image
1604,safe_01604.jpg,safe,flickr30k,image
1605,safe_01605.jpg,safe,flickr30k,image
1606,safe_01606.jpg,safe,flickr30k,image
1607,safe_01607.jpg,safe,flickr30k,image
1608,safe_01608.jpg,safe,flickr30k,image
1609,safe_01609.jpg,safe,flickr30k,image
1610,safe_01610.jpg,safe,flickr30k,image
1611,safe_01611.jpg,safe,flickr30k,image
1612,safe_01612.jpg,safe,flickr30k,image
1613,safe_01613.jpg,safe,flickr30k,image
1614,safe_01614.jpg,safe,flickr30k,image
1615,safe_01615.jpg,safe,flickr30k,image
1616,safe_01616.jpg,safe,flickr30k,image
1617,safe_01617.jpg,safe,flickr30k,image
1618,safe_01618.jpg,safe,flickr30k,image
1619,safe_01619.jpg,safe,flickr30k,image
1620,safe_01620.jpg,safe,flickr30k,image
1621,safe_01621.jpg,safe,flickr30k,image
1622,safe_01622.jpg,safe,flickr30k,image
1623,safe_01623.jpg,safe,flickr30k,image
1624,safe_01624.jpg,safe,flickr30k,image
1625,safe_01625.jpg,safe,flickr30k,image
1626,safe_01626.jpg,safe,flickr30k,image
1627,safe_01627.jpg,safe,flickr30k,image
1628,safe_01628.jpg,safe,flickr30k,image
1629,safe_01629.jpg,safe,flickr30k,image
1630,safe_01630.jpg,safe,flickr30k,image
1631,safe_01631.jpg,safe,flickr30k,image
1632,safe_01632.jpg,safe,flickr30k,image
1633,safe_01633.jpg,safe,flickr30k,image
1634,safe_01634.jpg,safe,flickr30k,image
1635,safe_01635.jpg,safe,flickr30k,image
1636,safe_01636.jpg,safe,flickr30k,image
1637,safe_01637.jpg,safe,flickr30k,image
1638,safe_01638.jpg,safe,flickr30k,image
1639,safe_01639.jpg,safe,flickr30k,image
1640,safe_01640.jpg,safe,flickr30k,image
1641,safe_01641.jpg,safe,flickr30k,image
1642,safe_01642.jpg,safe,flickr30k,image
1643,safe_01643.jpg,safe,flickr30k,image
1644,safe_01644.jpg,safe,flickr30k,image
1645,safe_01645.jpg,safe,flickr30k,image
1646,safe_01646.jpg,safe,flickr30k,image
1647,safe_01647.jpg,safe,flickr30k,image
1648,safe_01648.jpg,safe,flickr30k,image
1649,safe_01649.jpg,safe,flickr30k,image
1650,safe_01650.jpg,safe,flickr30k,image
1651,safe_01651.jpg,safe,flickr30k,image
1652,safe_01652.jpg,safe,flickr30k,image
1653,safe_01653.jpg,safe,flickr30k,image
1654,safe_01654.jpg,safe,flickr30k,image
1655,safe_01655.jpg,safe,flickr30k,image
1656,safe_01656.jpg,safe,flickr30k,image
1657,safe_01657.jpg,safe,flickr30k,image
1658,safe_01658.jpg,safe,flickr30k,image
1659,safe_01659.jpg,safe,flickr30k,image
1660,safe_01660.jpg,safe,flickr30k,image
1661,safe_01661.jpg,safe,flickr30k,image
1662,safe_01662.jpg,safe,flickr30k,image
1663,safe_01663.jpg,safe,flickr30k,image
1664,safe_01664.jpg,safe,flickr30k,image
1665,safe_01665.jpg,safe,flickr30k,image
1666,safe_01666.jpg,safe,flickr30k,image
1667,safe_01667.jpg,safe,flickr30k,image
1668,safe_01668.jpg,safe,flickr30k,image
1669,safe_01669.jpg,safe,flickr30k,image
1670,safe_01670.jpg,safe,flickr30k,image
1671,safe_01671.jpg,safe,flickr30k,image
1672,safe_01672.jpg,safe,flickr30k,image
1673,safe_01673.jpg,safe,flickr30k,image
1674,safe_01674.jpg,safe,flickr30k,image
1675,safe_01675.jpg,safe,flickr30k,image
1676,safe_01676.jpg,safe,flickr30k,image
1677,safe_01677.jpg,safe,flickr30k,image
1678,safe_01678.jpg,safe,flickr30k,image
1679,safe_01679.jpg,safe,flickr30k,image
1680,safe_01680.jpg,safe,flickr30k,image
1681,safe_01681.jpg,safe,flickr30k,image
1682,safe_01682.jpg,safe,flickr30k,image
1683,safe_01683.jpg,safe,flickr30k,image
1684,safe_01684.jpg,safe,flickr30k,image
1685,safe_01685.jpg,safe,flickr30k,image
1686,safe_01686.jpg,safe,flickr30k,image
1687,safe_01687.jpg,safe,flickr30k,image
1688,safe_01688.jpg,safe,flickr30k,image
1689,safe_01689.jpg,safe,flickr30k,image
1690,safe_01690.jpg,safe,flickr30k,image
1691,safe_01691.jpg,safe,flickr30k,image
1692,safe_01692.jpg,safe,flickr30k,image
1693,safe_01693.jpg,safe,flickr30k,image
1694,safe_01694.jpg,safe,flickr30k,image
1695,safe_01695.jpg,safe,flickr30k,image
1696,safe_01696.jpg,safe,flickr30k,image
1697,safe_01697.jpg,safe,flickr30k,image
1698,safe_01698.jpg,safe,flickr30k,image
1699,safe_01699.jpg,safe,flickr30k,image
1700,safe_01700.jpg,safe,flickr30k,image
1701,safe_01701.jpg,safe,flickr30k,image
1702,safe_01702.jpg,safe,flickr30k,image
1703,safe_01703.jpg,safe,flickr30k,image
1704,safe_01704.jpg,safe,flickr30k,image
1705,safe_01705.jpg,safe,flickr30k,image
1706,safe_01706.jpg,safe,flickr30k,image
1707,safe_01707.jpg,safe,flickr30k,image
1708,safe_01708.jpg,safe,flickr30k,image
1709,safe_01709.jpg,safe,flickr30k,image
1710,safe_01710.jpg,safe,flickr30k,image
1711,safe_01711.jpg,safe,flickr30k,image
1712,safe_01712.jpg,safe,flickr30k,image
1713,safe_01713.jpg,safe,flickr30k,image
1714,safe_01714.jpg,safe,flickr30k,image
1715,safe_01715.jpg,safe,flickr30k,image
1716,safe_01716.jpg,safe,flickr30k,image
1717,safe_01717.jpg,safe,flickr30k,image
1718,safe_01718.jpg,safe,flickr30k,image
1719,safe_01719.jpg,safe,flickr30k,image
1720,safe_01720.jpg,safe,flickr30k,image
1721,safe_01721.jpg,safe,flickr30k,image
1722,safe_01722.jpg,safe,flickr30k,image
1723,safe_01723.jpg,safe,flickr30k,image
1724,safe_01724.jpg,safe,flickr30k,image
1725,safe_01725.jpg,safe,flickr30k,image
1726,safe_01726.jpg,safe,flickr30k,image
1727,safe_01727.jpg,safe,flickr30k,image
1728,safe_01728.jpg,safe,flickr30k,image
1729,safe_01729.jpg,safe,flickr30k,image
1730,safe_01730.jpg,safe,flickr30k,image
1731,safe_01731.jpg,safe,flickr30k,image
1732,safe_01732.jpg,safe,flickr30k,image
1733,safe_01733.jpg,safe,flickr30k,image
1734,safe_01734.jpg,safe,flickr30k,image
1735,safe_01735.jpg,safe,flickr30k,image
1736,safe_01736.jpg,safe,flickr30k,image
1737,safe_01737.jpg,safe,flickr30k,image
1738,safe_01738.jpg,safe,flickr30k,image
1739,safe_01739.jpg,safe,flickr30k,image
1740,safe_01740.jpg,safe,flickr30k,image
1741,safe_01741.jpg,safe,flickr30k,image
1742,safe_01742.jpg,safe,flickr30k,image
1743,safe_01743.jpg,safe,flickr30k,image
1744,safe_01744.jpg,safe,flickr30k,image
1745,safe_01745.jpg,safe,flickr30k,image
1746,safe_01746.jpg,safe,flickr30k,image
1747,safe_01747.jpg,safe,flickr30k,image
1748,safe_01748.jpg,safe,flickr30k,image
1749,safe_01749.jpg,safe,flickr30k,image
1750,safe_01750.jpg,safe,flickr30k,image
1751,safe_01751.jpg,safe,flickr30k,image
1752,safe_01752.jpg,safe,flickr30k,image
1753,safe_01753.jpg,safe,flickr30k,image
1754,safe_01754.jpg,safe,flickr30k,image
1755,safe_01755.jpg,safe,flickr30k,image
1756,safe_01756.jpg,safe,flickr30k,image
1757,safe_01757.jpg,safe,flickr30k,image
1758,safe_01758.jpg,safe,flickr30k,image
1759,safe_01759.jpg,safe,flickr30k,image
1760,safe_01760.jpg,safe,flickr30k,image
1761,safe_01761.jpg,safe,flickr30k,image
1762,safe_01762.jpg,safe,flickr30k,image
1763,safe_01763.jpg,safe,flickr30k,image
1764,safe_01764.jpg,safe,flickr30k,image
1765,safe_01765.jpg,safe,flickr30k,image
1766,safe_01766.jpg,safe,flickr30k,image
1767,safe_01767.jpg,safe,flickr30k,image
1768,safe_01768.jpg,safe,flickr30k,image
1769,safe_01769.jpg,safe,flickr30k,image
1770,safe_01770.jpg,safe,flickr30k,image
1771,safe_01771.jpg,safe,flickr30k,image
1772,safe_01772.jpg,safe,flickr30k,image
1773,safe_01773.jpg,safe,flickr30k,image
1774,safe_01774.jpg,safe,flickr30k,image
1775,safe_01775.jpg,safe,flickr30k,image
1776,safe_01776.jpg,safe,flickr30k,image
1777,safe_01777.jpg,safe,flickr30k,image
1778,safe_01778.jpg,safe,flickr30k,image
1779,safe_01779.jpg,safe,flickr30k,image
1780,safe_01780.jpg,safe,flickr30k,image
1781,safe_01781.jpg,safe,flickr30k,image
1782,safe_01782.jpg,safe,flickr30k,image
1783,safe_01783.jpg,safe,flickr30k,image
1784,safe_01784.jpg,safe,flickr30k,image
1785,safe_01785.jpg,safe,flickr30k,image
1786,safe_01786.jpg,safe,flickr30k,image
1787,safe_01787.jpg,safe,flickr30k,image
1788,safe_01788.jpg,safe,flickr30k,image
1789,safe_01789.jpg,safe,flickr30k,image
1790,safe_01790.jpg,safe,flickr30k,image
1791,safe_01791.jpg,safe,flickr30k,image
1792,safe_01792.jpg,safe,flickr30k,image
1793,safe_01793.jpg,safe,flickr30k,image
1794,safe_01794.jpg,safe,flickr30k,image
1795,safe_01795.jpg,safe,flickr30k,image
1796,safe_01796.jpg,safe,flickr30k,image
1797,safe_01797.jpg,safe,flickr30k,image
1798,safe_01798.jpg,safe,flickr30k,image
1799,safe_01799.jpg,safe,flickr30k,image
1800,safe_01800.jpg,safe,flickr30k,image
1801,safe_01801.jpg,safe,flickr30k,image
1802,safe_01802.jpg,safe,flickr30k,image
1803,safe_01803.jpg,safe,flickr30k,image
1804,safe_01804.jpg,safe,flickr30k,image
1805,safe_01805.jpg,safe,flickr30k,image
1806,safe_01806.jpg,safe,flickr30k,image
1807,safe_01807.jpg,safe,flickr30k,image
1808,safe_01808.jpg,safe,flickr30k,image
1809,safe_01809.jpg,safe,flickr30k,image
1810,safe_01810.jpg,safe,flickr30k,image
1811,safe_01811.jpg,safe,flickr30k,image
1812,safe_01812.jpg,safe,flickr30k,image
1813,safe_01813.jpg,safe,flickr30k,image
1814,safe_01814.jpg,safe,flickr30k,image
1815,safe_01815.jpg,safe,flickr30k,image
1816,safe_01816.jpg,safe,flickr30k,image
1817,safe_01817.jpg,safe,flickr30k,image
1818,safe_01818.jpg,safe,flickr30k,image
1819,safe_01819.jpg,safe,flickr30k,image
1820,safe_01820.jpg,safe,flickr30k,image
1821,safe_01821.jpg,safe,flickr30k,image
1822,safe_01822.jpg,safe,flickr30k,image
1823,safe_01823.jpg,safe,flickr30k,image
1824,safe_01824.jpg,safe,flickr30k,image
1825,safe_01825.jpg,safe,flickr30k,image
1826,safe_01826.jpg,safe,flickr30k,image
1827,safe_01827.jpg,safe,flickr30k,image
1828,safe_01828.jpg,safe,flickr30k,image
1829,safe_01829.jpg,safe,flickr30k,image
1830,safe_01830.jpg,safe,flickr30k,image
1831,safe_01831.jpg,safe,flickr30k,image
1832,safe_01832.jpg,safe,flickr30k,image
1833,safe_01833.jpg,safe,flickr30k,image
1834,safe_01834.jpg,safe,flickr30k,image
1835,safe_01835.jpg,safe,flickr30k,image
1836,safe_01836.jpg,safe,flickr30k,image
1837,safe_01837.jpg,safe,flickr30k,image
1838,safe_01838.jpg,safe,flickr30k,image
1839,safe_01839.jpg,safe,flickr30k,image
1840,safe_01840.jpg,safe,flickr30k,image
1841,safe_01841.jpg,safe,flickr30k,image
1842,safe_01842.jpg,safe,flickr30k,image
1843,safe_01843.jpg,safe,flickr30k,image
1844,safe_01844.jpg,safe,flickr30k,image
1845,safe_01845.jpg,safe,flickr30k,image
1846,safe_01846.jpg,safe,flickr30k,image
1847,safe_01847.jpg,safe,flickr30k,image
1848,safe_01848.jpg,safe,flickr30k,image
1849,safe_01849.jpg,safe,flickr30k,image
1850,safe_01850.jpg,safe,flickr30k,image
1851,safe_01851.jpg,safe,flickr30k,image
1852,safe_01852.jpg,safe,flickr30k,image
1853,safe_01853.jpg,safe,flickr30k,image
1854,safe_01854.jpg,safe,flickr30k,image
1855,safe_01855.jpg,safe,flickr30k,image
1856,safe_01856.jpg,safe,flickr30k,image
1857,safe_01857.jpg,safe,flickr30k,image
1858,safe_01858.jpg,safe,flickr30k,image
1859,safe_01859.jpg,safe,flickr30k,image
1860,safe_01860.jpg,safe,flickr30k,image
1861,safe_01861.jpg,safe,flickr30k,image
1862,safe_01862.jpg,safe,flickr30k,image
1863,safe_01863.jpg,safe,flickr30k,image
1864,safe_01864.jpg,safe,flickr30k,image
1865,safe_01865.jpg,safe,flickr30k,image
1866,safe_01866.jpg,safe,flickr30k,image
1867,safe_01867.jpg,safe,flickr30k,image
1868,safe_01868.jpg,safe,flickr30k,image
1869,safe_01869.jpg,safe,flickr30k,image
1870,safe_01870.jpg,safe,flickr30k,image
1871,safe_01871.jpg,safe,flickr30k,image
1872,safe_01872.jpg,safe,flickr30k,image
1873,safe_01873.jpg,safe,flickr30k,image
1874,safe_01874.jpg,safe,flickr30k,image
1875,safe_01875.jpg,safe,flickr30k,image
1876,safe_01876.jpg,safe,flickr30k,image
1877,safe_01877.jpg,safe,flickr30k,image
1878,safe_01878.jpg,safe,flickr30k,image
1879,safe_01879.jpg,safe,flickr30k,image
1880,safe_01880.jpg,safe,flickr30k,image
1881,safe_01881.jpg,safe,flickr30k,image
1882,safe_01882.jpg,safe,flickr30k,image
1883,safe_01883.jpg,safe,flickr30k,image
1884,safe_01884.jpg,safe,flickr30k,image
1885,safe_01885.jpg,safe,flickr30k,image
1886,safe_01886.jpg,safe,flickr30k,image
1887,safe_01887.jpg,safe,flickr30k,image
1888,safe_01888.jpg,safe,flickr30k,image
1889,safe_01889.jpg,safe,flickr30k,image
1890,safe_01890.jpg,safe,flickr30k,image
1891,safe_01891.jpg,safe,flickr30k,image
1892,safe_01892.jpg,safe,flickr30k,image
1893,safe_01893.jpg,safe,flickr30k,image
1894,safe_01894.jpg,safe,flickr30k,image
1895,safe_01895.jpg,safe,flickr30k,image
1896,safe_01896.jpg,safe,flickr30k,image
1897,safe_01897.jpg,safe,flickr30k,image
1898,safe_01898.jpg,safe,flickr30k,image
1899,safe_01899.jpg,safe,flickr30k,image
1900,safe_01900.jpg,safe,flickr30k,image
1901,safe_01901.jpg,safe,flickr30k,image
1902,safe_01902.jpg,safe,flickr30k,image
1903,safe_01903.jpg,safe,flickr30k,image
1904,safe_01904.jpg,safe,flickr30k,image
1905,safe_01905.jpg,safe,flickr30k,image
1906,safe_01906.jpg,safe,flickr30k,image
1907,safe_01907.jpg,safe,flickr30k,image
1908,safe_01908.jpg,safe,flickr30k,image
1909,safe_01909.jpg,safe,flickr30k,image
1910,safe_01910.jpg,safe,flickr30k,image
1911,safe_01911.jpg,safe,flickr30k,image
1912,safe_01912.jpg,safe,flickr30k,image
1913,safe_01913.jpg,safe,flickr30k,image
1914,safe_01914.jpg,safe,flickr30k,image
1915,safe_01915.jpg,safe,flickr30k,image
1916,safe_01916.jpg,safe,flickr30k,image
1917,safe_01917.jpg,safe,flickr30k,image
1918,safe_01918.jpg,safe,flickr30k,image
1919,safe_01919.jpg,safe,flickr30k,image
1920,safe_01920.jpg,safe,flickr30k,image
1921,safe_01921.jpg,safe,flickr30k,image
1922,safe_01922.jpg,safe,flickr30k,image
1923,safe_01923.jpg,safe,flickr30k,image
1924,safe_01924.jpg,safe,flickr30k,image
1925,safe_01925.jpg,safe,flickr30k,image
1926,safe_01926.jpg,safe,flickr30k,image
1927,safe_01927.jpg,safe,flickr30k,image
1928,safe_01928.jpg,safe,flickr30k,image
1929,safe_01929.jpg,safe,flickr30k,image
1930,safe_01930.jpg,safe,flickr30k,image
1931,safe_01931.jpg,safe,flickr30k,image
1932,safe_01932.jpg,safe,flickr30k,image
1933,safe_01933.jpg,safe,flickr30k,image
1934,safe_01934.jpg,safe,flickr30k,image
1935,safe_01935.jpg,safe,flickr30k,image
1936,safe_01936.jpg,safe,flickr30k,image
1937,safe_01937.jpg,safe,flickr30k,image
1938,safe_01938.jpg,safe,flickr30k,image
1939,safe_01939.jpg,safe,flickr30k,image
1940,safe_01940.jpg,safe,flickr30k,image
1941,safe_01941.jpg,safe,flickr30k,image
1942,safe_01942.jpg,safe,flickr30k,image
1943,safe_01943.jpg,safe,flickr30k,image
1944,safe_01944.jpg,safe,flickr30k,image
1945,safe_01945.jpg,safe,flickr30k,image
1946,safe_01946.jpg,safe,flickr30k,image
1947,safe_01947.jpg,safe,flickr30k,image
1948,safe_01948.jpg,safe,flickr30k,image
1949,safe_01949.jpg,safe,flickr30k,image
1950,safe_01950.jpg,safe,flickr30k,image
1951,safe_01951.jpg,safe,flickr30k,image
1952,safe_01952.jpg,safe,flickr30k,image
1953,safe_01953.jpg,safe,flickr30k,image
1954,safe_01954.jpg,safe,flickr30k,image
1955,safe_01955.jpg,safe,flickr30k,image
1956,safe_01956.jpg,safe,flickr30k,image
1957,safe_01957.jpg,safe,flickr30k,image
1958,safe_01958.jpg,safe,flickr30k,image
1959,safe_01959.jpg,safe,flickr30k,image
1960,safe_01960.jpg,safe,flickr30k,image
1961,safe_01961.jpg,safe,flickr30k,image
1962,safe_01962.jpg,safe,flickr30k,image
1963,safe_01963.jpg,safe,flickr30k,image
1964,safe_01964.jpg,safe,flickr30k,image
1965,safe_01965.jpg,safe,flickr30k,image
1966,safe_01966.jpg,safe,flickr30k,image
1967,safe_01967.jpg,safe,flickr30k,image
1968,safe_01968.jpg,safe,flickr30k,image
1969,safe_01969.jpg,safe,flickr30k,image
1970,safe_01970.jpg,safe,flickr30k,image
1971,safe_01971.jpg,safe,flickr30k,image
1972,safe_01972.jpg,safe,flickr30k,image
1973,safe_01973.jpg,safe,flickr30k,image
1974,safe_01974.jpg,safe,flickr30k,image
1975,safe_01975.jpg,safe,flickr30k,image
1976,safe_01976.jpg,safe,flickr30k,image
1977,safe_01977.jpg,safe,flickr30k,image
1978,safe_01978.jpg,safe,flickr30k,image
1979,safe_01979.jpg,safe,flickr30k,image
1980,safe_01980.jpg,safe,flickr30k,image
1981,safe_01981.jpg,safe,flickr30k,image
1982,safe_01982.jpg,safe,flickr30k,image
1983,safe_01983.jpg,safe,flickr30k,image
1984,safe_01984.jpg,safe,flickr30k,image
1985,safe_01985.jpg,safe,flickr30k,image
1986,safe_01986.jpg,safe,flickr30k,image
1987,safe_01987.jpg,safe,flickr30k,image
1988,safe_01988.jpg,safe,flickr30k,image
1989,safe_01989.jpg,safe,flickr30k,image
1990,safe_01990.jpg,safe,flickr30k,image
1991,safe_01991.jpg,safe,flickr30k,image
1992,safe_01992.jpg,safe,flickr30k,image
1993,safe_01993.jpg,safe,flickr30k,image
1994,safe_01994.jpg,safe,flickr30k,image
1995,safe_01995.jpg,safe,flickr30k,image
1996,safe_01996.jpg,safe,flickr30k,image
1997,safe_01997.jpg,safe,flickr30k,image
1998,safe_01998.jpg,safe,flickr30k,image
1999,safe_01999.jpg,safe,flickr30k,image
2000,safe_02000.jpg,safe,flickr30k,image
2001,safe_02001.jpg,safe,flickr30k,image
2002,safe_02002.jpg,safe,flickr30k,image
2003,safe_02003.jpg,safe,flickr30k,image
2004,safe_02004.jpg,safe,flickr30k,image
2005,safe_02005.jpg,safe,flickr30k,image
2006,safe_02006.jpg,safe,flickr30k,image
2007,safe_02007.jpg,safe,flickr30k,image
2008,safe_02008.jpg,safe,flickr30k,image
2009,safe_02009.jpg,safe,flickr30k,image
2010,safe_02010.jpg,safe,flickr30k,image
2011,safe_02011.jpg,safe,flickr30k,image
2012,safe_02012.jpg,safe,flickr30k,image
2013,safe_02013.jpg,safe,flickr30k,image
2014,safe_02014.jpg,safe,flickr30k,image
2015,safe_02015.jpg,safe,flickr30k,image
2016,safe_02016.jpg,safe,flickr30k,image
2017,safe_02017.jpg,safe,flickr30k,image
2018,safe_02018.jpg,safe,flickr30k,image
2019,safe_02019.jpg,safe,flickr30k,image
2020,safe_02020.jpg,safe,flickr30k,image
2021,safe_02021.jpg,safe,flickr30k,image
2022,safe_02022.jpg,safe,flickr30k,image
2023,safe_02023.jpg,safe,flickr30k,image
2024,safe_02024.jpg,safe,flickr30k,image
2025,safe_02025.jpg,safe,flickr30k,image
2026,safe_02026.jpg,safe,flickr30k,image
2027,safe_02027.jpg,safe,flickr30k,image
2028,safe_02028.jpg,safe,flickr30k,image
2029,safe_02029.jpg,safe,flickr30k,image
2030,safe_02030.jpg,safe,flickr30k,image
2031,safe_02031.jpg,safe,flickr30k,image
2032,safe_02032.jpg,safe,flickr30k,image
2033,safe_02033.jpg,safe,flickr30k,image
2034,safe_02034.jpg,safe,flickr30k,image
2035,safe_02035.jpg,safe,flickr30k,image
2036,safe_02036.jpg,safe,flickr30k,image
2037,safe_02037.jpg,safe,flickr30k,image
2038,safe_02038.jpg,safe,flickr30k,image
2039,safe_02039.jpg,safe,flickr30k,image
2040,safe_02040.jpg,safe,flickr30k,image
2041,safe_02041.jpg,safe,flickr30k,image
2042,safe_02042.jpg,safe,flickr30k,image
2043,safe_02043.jpg,safe,flickr30k,image
2044,safe_02044.jpg,safe,flickr30k,image
2045,safe_02045.jpg,safe,flickr30k,image
2046,safe_02046.jpg,safe,flickr30k,image
2047,safe_02047.jpg,safe,flickr30k,image
2048,safe_02048.jpg,safe,flickr30k,image
2049,safe_02049.jpg,safe,flickr30k,image
2050,safe_02050.jpg,safe,flickr30k,image
2051,safe_02051.jpg,safe,flickr30k,image
2052,safe_02052.jpg,safe,flickr30k,image
2053,safe_02053.jpg,safe,flickr30k,image
2054,safe_02054.jpg,safe,flickr30k,image
2055,safe_02055.jpg,safe,flickr30k,image
2056,safe_02056.jpg,safe,flickr30k,image
2057,safe_02057.jpg,safe,flickr30k,image
2058,safe_02058.jpg,safe,flickr30k,image
2059,safe_02059.jpg,safe,flickr30k,image
2060,safe_02060.jpg,safe,flickr30k,image
2061,safe_02061.jpg,safe,flickr30k,image
2062,safe_02062.jpg,safe,flickr30k,image
2063,safe_02063.jpg,safe,flickr30k,image
2064,safe_02064.jpg,safe,flickr30k,image
2065,safe_02065.jpg,safe,flickr30k,image
2066,safe_02066.jpg,safe,flickr30k,image
2067,safe_02067.jpg,safe,flickr30k,image
2068,safe_02068.jpg,safe,flickr30k,image
2069,safe_02069.jpg,safe,flickr30k,image
2070,safe_02070.jpg,safe,flickr30k,image
2071,safe_02071.jpg,safe,flickr30k,image
2072,safe_02072.jpg,safe,flickr30k,image
2073,safe_02073.jpg,safe,flickr30k,image
2074,safe_02074.jpg,safe,flickr30k,image
2075,safe_02075.jpg,safe,flickr30k,image
2076,safe_02076.jpg,safe,flickr30k,image
2077,safe_02077.jpg,safe,flickr30k,image
2078,safe_02078.jpg,safe,flickr30k,image
2079,safe_02079.jpg,safe,flickr30k,image
2080,safe_02080.jpg,safe,flickr30k,image
2081,safe_02081.jpg,safe,flickr30k,image
2082,safe_02082.jpg,safe,flickr30k,image
2083,safe_02083.jpg,safe,flickr30k,image
2084,safe_02084.jpg,safe,flickr30k,image
2085,safe_02085.jpg,safe,flickr30k,image
2086,safe_02086.jpg,safe,flickr30k,image
2087,safe_02087.jpg,safe,flickr30k,image
2088,safe_02088.jpg,safe,flickr30k,image
2089,safe_02089.jpg,safe,flickr30k,image
2090,safe_02090.jpg,safe,flickr30k,image
2091,safe_02091.jpg,safe,flickr30k,image
2092,safe_02092.jpg,safe,flickr30k,image
2093,safe_02093.jpg,safe,flickr30k,image
2094,safe_02094.jpg,safe,flickr30k,image
2095,safe_02095.jpg,safe,flickr30k,image
2096,safe_02096.jpg,safe,flickr30k,image
2097,safe_02097.jpg,safe,flickr30k,image
2098,safe_02098.jpg,safe,flickr30k,image
2099,safe_02099.jpg,safe,flickr30k,image
2100,safe_02100.jpg,safe,flickr30k,image
2101,safe_02101.jpg,safe,flickr30k,image
2102,safe_02102.jpg,safe,flickr30k,image
2103,safe_02103.jpg,safe,flickr30k,image
2104,safe_02104.jpg,safe,flickr30k,image
2105,safe_02105.jpg,safe,flickr30k,image
2106,safe_02106.jpg,safe,flickr30k,image
2107,safe_02107.jpg,safe,flickr30k,image
2108,safe_02108.jpg,safe,flickr30k,image
2109,safe_02109.jpg,safe,flickr30k,image
2110,safe_02110.jpg,safe,flickr30k,image
2111,safe_02111.jpg,safe,flickr30k,image
2112,safe_02112.jpg,safe,flickr30k,image
2113,safe_02113.jpg,safe,flickr30k,image
2114,safe_02114.jpg,safe,flickr30k,image
2115,safe_02115.jpg,safe,flickr30k,image
2116,safe_02116.jpg,safe,flickr30k,image
2117,safe_02117.jpg,safe,flickr30k,image
2118,safe_02118.jpg,safe,flickr30k,image
2119,safe_02119.jpg,safe,flickr30k,image
2120,safe_02120.jpg,safe,flickr30k,image
2121,safe_02121.jpg,safe,flickr30k,image
2122,safe_02122.jpg,safe,flickr30k,image
2123,safe_02123.jpg,safe,flickr30k,image
2124,safe_02124.jpg,safe,flickr30k,image
2125,safe_02125.jpg,safe,flickr30k,image
2126,safe_02126.jpg,safe,flickr30k,image
2127,safe_02127.jpg,safe,flickr30k,image
2128,safe_02128.jpg,safe,flickr30k,image
2129,safe_02129.jpg,safe,flickr30k,image
2130,safe_02130.jpg,safe,flickr30k,image
2131,safe_02131.jpg,safe,flickr30k,image
2132,safe_02132.jpg,safe,flickr30k,image
2133,safe_02133.jpg,safe,flickr30k,image
2134,safe_02134.jpg,safe,flickr30k,image
2135,safe_02135.jpg,safe,flickr30k,image
2136,safe_02136.jpg,safe,flickr30k,image
2137,safe_02137.jpg,safe,flickr30k,image
2138,safe_02138.jpg,safe,flickr30k,image
2139,safe_02139.jpg,safe,flickr30k,image
2140,safe_02140.jpg,safe,flickr30k,image
2141,safe_02141.jpg,safe,flickr30k,image
2142,safe_02142.jpg,safe,flickr30k,image
2143,safe_02143.jpg,safe,flickr30k,image
2144,safe_02144.jpg,safe,flickr30k,image
2145,safe_02145.jpg,safe,flickr30k,image
2146,safe_02146.jpg,safe,flickr30k,image
2147,safe_02147.jpg,safe,flickr30k,image
2148,safe_02148.jpg,safe,flickr30k,image
2149,safe_02149.jpg,safe,flickr30k,image
2150,safe_02150.jpg,safe,flickr30k,image
2151,safe_02151.jpg,safe,flickr30k,image
2152,safe_02152.jpg,safe,flickr30k,image
2153,safe_02153.jpg,safe,flickr30k,image
2154,safe_02154.jpg,safe,flickr30k,image
2155,safe_02155.jpg,safe,flickr30k,image
2156,safe_02156.jpg,safe,flickr30k,image
2157,safe_02157.jpg,safe,flickr30k,image
2158,safe_02158.jpg,safe,flickr30k,image
2159,safe_02159.jpg,safe,flickr30k,image
2160,safe_02160.jpg,safe,flickr30k,image
2161,safe_02161.jpg,safe,flickr30k,image
2162,safe_02162.jpg,safe,flickr30k,image
2163,safe_02163.jpg,safe,flickr30k,image
2164,safe_02164.jpg,safe,flickr30k,image
2165,safe_02165.jpg,safe,flickr30k,image
2166,safe_02166.jpg,safe,flickr30k,image
2167,safe_02167.jpg,safe,flickr30k,image
2168,safe_02168.jpg,safe,flickr30k,image
2169,safe_02169.jpg,safe,flickr30k,image
2170,safe_02170.jpg,safe,flickr30k,image
2171,safe_02171.jpg,safe,flickr30k,image
2172,safe_02172.jpg,safe,flickr30k,image
2173,safe_02173.jpg,safe,flickr30k,image
2174,safe_02174.jpg,safe,flickr30k,image
2175,safe_02175.jpg,safe,flickr30k,image
2176,safe_02176.jpg,safe,flickr30k,image
2177,safe_02177.jpg,safe,flickr30k,image
2178,safe_02178.jpg,safe,flickr30k,image
2179,safe_02179.jpg,safe,flickr30k,image
2180,safe_02180.jpg,safe,flickr30k,image
2181,safe_02181.jpg,safe,flickr30k,image
2182,safe_02182.jpg,safe,flickr30k,image
2183,safe_02183.jpg,safe,flickr30k,image
2184,safe_02184.jpg,safe,flickr30k,image
2185,safe_02185.jpg,safe,flickr30k,image
2186,safe_02186.jpg,safe,flickr30k,image
2187,safe_02187.jpg,safe,flickr30k,image
2188,safe_02188.jpg,safe,flickr30k,image
2189,safe_02189.jpg,safe,flickr30k,image
2190,safe_02190.jpg,safe,flickr30k,image
2191,safe_02191.jpg,safe,flickr30k,image
2192,safe_02192.jpg,safe,flickr30k,image
2193,safe_02193.jpg,safe,flickr30k,image
2194,safe_02194.jpg,safe,flickr30k,image
2195,safe_02195.jpg,safe,flickr30k,image
2196,safe_02196.jpg,safe,flickr30k,image
2197,safe_02197.jpg,safe,flickr30k,image
2198,safe_02198.jpg,safe,flickr30k,image
2199,safe_02199.jpg,safe,flickr30k,image
2200,safe_02200.jpg,safe,flickr30k,image
2201,safe_02201.jpg,safe,flickr30k,image
2202,safe_02202.jpg,safe,flickr30k,image
2203,safe_02203.jpg,safe,flickr30k,image
2204,safe_02204.jpg,safe,flickr30k,image
2205,safe_02205.jpg,safe,flickr30k,image
2206,safe_02206.jpg,safe,flickr30k,image
2207,safe_02207.jpg,safe,flickr30k,image
2208,safe_02208.jpg,safe,flickr30k,image
2209,safe_02209.jpg,safe,flickr30k,image
2210,safe_02210.jpg,safe,flickr30k,image
2211,safe_02211.jpg,safe,flickr30k,image
2212,safe_02212.jpg,safe,flickr30k,image
2213,safe_02213.jpg,safe,flickr30k,image
2214,safe_02214.jpg,safe,flickr30k,image
2215,safe_02215.jpg,safe,flickr30k,image
2216,safe_02216.jpg,safe,flickr30k,image
2217,safe_02217.jpg,safe,flickr30k,image
2218,safe_02218.jpg,safe,flickr30k,image
2219,safe_02219.jpg,safe,flickr30k,image
2220,safe_02220.jpg,safe,flickr30k,image
2221,safe_02221.jpg,safe,flickr30k,image
2222,safe_02222.jpg,safe,flickr30k,image
2223,safe_02223.jpg,safe,flickr30k,image
2224,safe_02224.jpg,safe,flickr30k,image
2225,safe_02225.jpg,safe,flickr30k,image
2226,safe_02226.jpg,safe,flickr30k,image
2227,safe_02227.jpg,safe,flickr30k,image
2228,safe_02228.jpg,safe,flickr30k,image
2229,safe_02229.jpg,safe,flickr30k,image
2230,safe_02230.jpg,safe,flickr30k,image
2231,safe_02231.jpg,safe,flickr30k,image
2232,safe_02232.jpg,safe,flickr30k,image
2233,safe_02233.jpg,safe,flickr30k,image
2234,safe_02234.jpg,safe,flickr30k,image
2235,safe_02235.jpg,safe,flickr30k,image
2236,safe_02236.jpg,safe,flickr30k,image
2237,safe_02237.jpg,safe,flickr30k,image
2238,safe_02238.jpg,safe,flickr30k,image
2239,safe_02239.jpg,safe,flickr30k,image
2240,safe_02240.jpg,safe,flickr30k,image
2241,safe_02241.jpg,safe,flickr30k,image
2242,safe_02242.jpg,safe,flickr30k,image
2243,safe_02243.jpg,safe,flickr30k,image
2244,safe_02244.jpg,safe,flickr30k,image
2245,safe_02245.jpg,safe,flickr30k,image
2246,safe_02246.jpg,safe,flickr30k,image
2247,safe_02247.jpg,safe,flickr30k,image
2248,safe_02248.jpg,safe,flickr30k,image
2249,safe_02249.jpg,safe,flickr30k,image
2250,safe_02250.jpg,safe,flickr30k,image
2251,safe_02251.jpg,safe,flickr30k,image
2252,safe_02252.jpg,safe,flickr30k,image
2253,safe_02253.jpg,safe,flickr30k,image
2254,safe_02254.jpg,safe,flickr30k,image
2255,safe_02255.jpg,safe,flickr30k,image
2256,safe_02256.jpg,safe,flickr30k,image
2257,safe_02257.jpg,safe,flickr30k,image
2258,safe_02258.jpg,safe,flickr30k,image
2259,safe_02259.jpg,safe,flickr30k,image
2260,safe_02260.jpg,safe,flickr30k,image
2261,safe_02261.jpg,safe,flickr30k,image
2262,safe_02262.jpg,safe,flickr30k,image
2263,safe_02263.jpg,safe,flickr30k,image
2264,safe_02264.jpg,safe,flickr30k,image
2265,safe_02265.jpg,safe,flickr30k,image
2266,safe_02266.jpg,safe,flickr30k,image
2267,safe_02267.jpg,safe,flickr30k,image
2268,safe_02268.jpg,safe,flickr30k,image
2269,safe_02269.jpg,safe,flickr30k,image
2270,safe_02270.jpg,safe,flickr30k,image
2271,safe_02271.jpg,safe,flickr30k,image
2272,safe_02272.jpg,safe,flickr30k,image
2273,safe_02273.jpg,safe,flickr30k,image
2274,safe_02274.jpg,safe,flickr30k,image
2275,safe_02275.jpg,safe,flickr30k,image
2276,safe_02276.jpg,safe,flickr30k,image
2277,safe_02277.jpg,safe,flickr30k,image
2278,safe_02278.jpg,safe,flickr30k,image
2279,safe_02279.jpg,safe,flickr30k,image
2280,safe_02280.jpg,safe,flickr30k,image
2281,safe_02281.jpg,safe,flickr30k,image
2282,safe_02282.jpg,safe,flickr30k,image
2283,safe_02283.jpg,safe,flickr30k,image
2284,safe_02284.jpg,safe,flickr30k,image
2285,safe_02285.jpg,safe,flickr30k,image
2286,safe_02286.jpg,safe,flickr30k,image
2287,safe_02287.jpg,safe,flickr30k,image
2288,safe_02288.jpg,safe,flickr30k,image
2289,safe_02289.jpg,safe,flickr30k,image
2290,safe_02290.jpg,safe,flickr30k,image
2291,safe_02291.jpg,safe,flickr30k,image
2292,safe_02292.jpg,safe,flickr30k,image
2293,safe_02293.jpg,safe,flickr30k,image
2294,safe_02294.jpg,safe,flickr30k,image
2295,safe_02295.jpg,safe,flickr30k,image
2296,safe_02296.jpg,safe,flickr30k,image
2297,safe_02297.jpg,safe,flickr30k,image
2298,safe_02298.jpg,safe,flickr30k,image
2299,safe_02299.jpg,safe,flickr30k,image
2300,safe_02300.jpg,safe,flickr30k,image
2301,safe_02301.jpg,safe,flickr30k,image
2302,safe_02302.jpg,safe,flickr30k,image
2303,safe_02303.jpg,safe,flickr30k,image
2304,safe_02304.jpg,safe,flickr30k,image
2305,safe_02305.jpg,safe,flickr30k,image
2306,safe_02306.jpg,safe,flickr30k,image
2307,safe_02307.jpg,safe,flickr30k,image
2308,safe_02308.jpg,safe,flickr30k,image
2309,safe_02309.jpg,safe,flickr30k,image
2310,safe_02310.jpg,safe,flickr30k,image
2311,safe_02311.jpg,safe,flickr30k,image
2312,safe_02312.jpg,safe,flickr30k,image
2313,safe_02313.jpg,safe,flickr30k,image
2314,safe_02314.jpg,safe,flickr30k,image
2315,safe_02315.jpg,safe,flickr30k,image
2316,safe_02316.jpg,safe,flickr30k,image
2317,safe_02317.jpg,safe,flickr30k,image
2318,safe_02318.jpg,safe,flickr30k,image
2319,safe_02319.jpg,safe,flickr30k,image
2320,safe_02320.jpg,safe,flickr30k,image
2321,safe_02321.jpg,safe,flickr30k,image
2322,safe_02322.jpg,safe,flickr30k,image
2323,safe_02323.jpg,safe,flickr30k,image
2324,safe_02324.jpg,safe,flickr30k,image
2325,safe_02325.jpg,safe,flickr30k,image
2326,safe_02326.jpg,safe,flickr30k,image
2327,safe_02327.jpg,safe,flickr30k,image
2328,safe_02328.jpg,safe,flickr30k,image
2329,safe_02329.jpg,safe,flickr30k,image
2330,safe_02330.jpg,safe,flickr30k,image
2331,safe_02331.jpg,safe,flickr30k,image
2332,safe_02332.jpg,safe,flickr30k,image
2333,safe_02333.jpg,safe,flickr30k,image
2334,safe_02334.jpg,safe,flickr30k,image
2335,safe_02335.jpg,safe,flickr30k,image
2336,safe_02336.jpg,safe,flickr30k,image
2337,safe_02337.jpg,safe,flickr30k,image
2338,safe_02338.jpg,safe,flickr30k,image
2339,safe_02339.jpg,safe,flickr30k,image
2340,safe_02340.jpg,safe,flickr30k,image
2341,safe_02341.jpg,safe,flickr30k,image
2342,safe_02342.jpg,safe,flickr30k,image
2343,safe_02343.jpg,safe,flickr30k,image
2344,safe_02344.jpg,safe,flickr30k,image
2345,safe_02345.jpg,safe,flickr30k,image
2346,safe_02346.jpg,safe,flickr30k,image
2347,safe_02347.jpg,safe,flickr30k,image
2348,safe_02348.jpg,safe,flickr30k,image
2349,safe_02349.jpg,safe,flickr30k,image
2350,safe_02350.jpg,safe,flickr30k,image
2351,safe_02351.jpg,safe,flickr30k,image
2352,safe_02352.jpg,safe,flickr30k,image
2353,safe_02353.jpg,safe,flickr30k,image
2354,safe_02354.jpg,safe,flickr30k,image
2355,safe_02355.jpg,safe,flickr30k,image
2356,safe_02356.jpg,safe,flickr30k,image
2357,safe_02357.jpg,safe,flickr30k,image
2358,safe_02358.jpg,safe,flickr30k,image
2359,safe_02359.jpg,safe,flickr30k,image
2360,safe_02360.jpg,safe,flickr30k,image
2361,safe_02361.jpg,safe,flickr30k,image
2362,safe_02362.jpg,safe,flickr30k,image
2363,safe_02363.jpg,safe,flickr30k,image
2364,safe_02364.jpg,safe,flickr30k,image
2365,safe_02365.jpg,safe,flickr30k,image
2366,safe_02366.jpg,safe,flickr30k,image
2367,safe_02367.jpg,safe,flickr30k,image
2368,safe_02368.jpg,safe,flickr30k,image
2369,safe_02369.jpg,safe,flickr30k,image
2370,safe_02370.jpg,safe,flickr30k,image
2371,safe_02371.jpg,safe,flickr30k,image
2372,safe_02372.jpg,safe,flickr30k,image
2373,safe_02373.jpg,safe,flickr30k,image
2374,safe_02374.jpg,safe,flickr30k,image
2375,safe_02375.jpg,safe,flickr30k,image
2376,safe_02376.jpg,safe,flickr30k,image
2377,safe_02377.jpg,safe,flickr30k,image
2378,safe_02378.jpg,safe,flickr30k,image
2379,safe_02379.jpg,safe,flickr30k,image
2380,safe_02380.jpg,safe,flickr30k,image
2381,safe_02381.jpg,safe,flickr30k,image
2382,safe_02382.jpg,safe,flickr30k,image
2383,safe_02383.jpg,safe,flickr30k,image
2384,safe_02384.jpg,safe,flickr30k,image
2385,safe_02385.jpg,safe,flickr30k,image
2386,safe_02386.jpg,safe,flickr30k,image
2387,safe_02387.jpg,safe,flickr30k,image
2388,safe_02388.jpg,safe,flickr30k,image
2389,safe_02389.jpg,safe,flickr30k,image
2390,safe_02390.jpg,safe,flickr30k,image
2391,safe_02391.jpg,safe,flickr30k,image
2392,safe_02392.jpg,safe,flickr30k,image
2393,safe_02393.jpg,safe,flickr30k,image
2394,safe_02394.jpg,safe,flickr30k,image
2395,safe_02395.jpg,safe,flickr30k,image
2396,safe_02396.jpg,safe,flickr30k,image
2397,safe_02397.jpg,safe,flickr30k,image
2398,safe_02398.jpg,safe,flickr30k,image
2399,safe_02399.jpg,safe,flickr30k,image
2400,safe_02400.jpg,safe,flickr30k,image
2401,safe_02401.jpg,safe,flickr30k,image
2402,safe_02402.jpg,safe,flickr30k,image
2403,safe_02403.jpg,safe,flickr30k,image
2404,safe_02404.jpg,safe,flickr30k,image
2405,safe_02405.jpg,safe,flickr30k,image
2406,safe_02406.jpg,safe,flickr30k,image
2407,safe_02407.jpg,safe,flickr30k,image
2408,safe_02408.jpg,safe,flickr30k,image
2409,safe_02409.jpg,safe,flickr30k,image
2410,safe_02410.jpg,safe,flickr30k,image
2411,safe_02411.jpg,safe,flickr30k,image
2412,safe_02412.jpg,safe,flickr30k,image
2413,safe_02413.jpg,safe,flickr30k,image
2414,safe_02414.jpg,safe,flickr30k,image
2415,safe_02415.jpg,safe,flickr30k,image
2416,safe_02416.jpg,safe,flickr30k,image
2417,safe_02417.jpg,safe,flickr30k,image
2418,safe_02418.jpg,safe,flickr30k,image
2419,safe_02419.jpg,safe,flickr30k,image
2420,safe_02420.jpg,safe,flickr30k,image
2421,safe_02421.jpg,safe,flickr30k,image
2422,safe_02422.jpg,safe,flickr30k,image
2423,safe_02423.jpg,safe,flickr30k,image
2424,safe_02424.jpg,safe,flickr30k,image
2425,safe_02425.jpg,safe,flickr30k,image
2426,safe_02426.jpg,safe,flickr30k,image
2427,safe_02427.jpg,safe,flickr30k,image
2428,safe_02428.jpg,safe,flickr30k,image
2429,safe_02429.jpg,safe,flickr30k,image
2430,safe_02430.jpg,safe,flickr30k,image
2431,safe_02431.jpg,safe,flickr30k,image
2432,safe_02432.jpg,safe,flickr30k,image
2433,safe_02433.jpg,safe,flickr30k,image
2434,safe_02434.jpg,safe,flickr30k,image
2435,safe_02435.jpg,safe,flickr30k,image
2436,safe_02436.jpg,safe,flickr30k,image
2437,safe_02437.jpg,safe,flickr30k,image
2438,safe_02438.jpg,safe,flickr30k,image
2439,safe_02439.jpg,safe,flickr30k,image
2440,safe_02440.jpg,safe,flickr30k,image
2441,safe_02441.jpg,safe,flickr30k,image
2442,safe_02442.jpg,safe,flickr30k,image
2443,safe_02443.jpg,safe,flickr30k,image
2444,safe_02444.jpg,safe,flickr30k,image
2445,safe_02445.jpg,safe,flickr30k,image
2446,safe_02446.jpg,safe,flickr30k,image
2447,safe_02447.jpg,safe,flickr30k,image
2448,safe_02448.jpg,safe,flickr30k,image
2449,safe_02449.jpg,safe,flickr30k,image
2450,safe_02450.jpg,safe,flickr30k,image
2451,safe_02451.jpg,safe,flickr30k,image
2452,safe_02452.jpg,safe,flickr30k,image
2453,safe_02453.jpg,safe,flickr30k,image
2454,safe_02454.jpg,safe,flickr30k,image
2455,safe_02455.jpg,safe,flickr30k,image
2456,safe_02456.jpg,safe,flickr30k,image
2457,safe_02457.jpg,safe,flickr30k,image
2458,safe_02458.jpg,safe,flickr30k,image
2459,safe_02459.jpg,safe,flickr30k,image
2460,safe_02460.jpg,safe,flickr30k,image
2461,safe_02461.jpg,safe,flickr30k,image
2462,safe_02462.jpg,safe,flickr30k,image
2463,safe_02463.jpg,safe,flickr30k,image
2464,safe_02464.jpg,safe,flickr30k,image
2465,safe_02465.jpg,safe,flickr30k,image
2466,safe_02466.jpg,safe,flickr30k,image
2467,safe_02467.jpg,safe,flickr30k,image
2468,safe_02468.jpg,safe,flickr30k,image
2469,safe_02469.jpg,safe,flickr30k,image
2470,safe_02470.jpg,safe,flickr30k,image
2471,safe_02471.jpg,safe,flickr30k,image
2472,safe_02472.jpg,safe,flickr30k,image
2473,safe_02473.jpg,safe,flickr30k,image
2474,safe_02474.jpg,safe,flickr30k,image
2475,safe_02475.jpg,safe,flickr30k,image
2476,safe_02476.jpg,safe,flickr30k,image
2477,safe_02477.jpg,safe,flickr30k,image
2478,safe_02478.jpg,safe,flickr30k,image
2479,safe_02479.jpg,safe,flickr30k,image
2480,safe_02480.jpg,safe,flickr30k,image
2481,safe_02481.jpg,safe,flickr30k,image
2482,safe_02482.jpg,safe,flickr30k,image
2483,safe_02483.jpg,safe,flickr30k,image
2484,safe_02484.jpg,safe,flickr30k,image
2485,safe_02485.jpg,safe,flickr30k,image
2486,safe_02486.jpg,safe,flickr30k,image
2487,safe_02487.jpg,safe,flickr30k,image
2488,safe_02488.jpg,safe,flickr30k,image
2489,safe_02489.jpg,safe,flickr30k,image
2490,safe_02490.jpg,safe,flickr30k,image
2491,safe_02491.jpg,safe,flickr30k,image
2492,safe_02492.jpg,safe,flickr30k,image
2493,safe_02493.jpg,safe,flickr30k,image
2494,safe_02494.jpg,safe,flickr30k,image
2495,safe_02495.jpg,safe,flickr30k,image
2496,safe_02496.jpg,safe,flickr30k,image
2497,safe_02497.jpg,safe,flickr30k,image
2498,safe_02498.jpg,safe,flickr30k,image
2499,safe_02499.jpg,safe,flickr30k,image
2500,safe_02500.jpg,safe,flickr30k,image
